ticker,corp_code,market,name,first_month,last_month,months_in_universe
000020,00119195,KOSPI,,2020-06,2022-05,19
000030,00254045,KOSPI,,2019-01,2019-01,1
000060,00117744,KOSPI,,2019-01,2023-01,29
000105,,KOSPI,,2024-10,2025-03,6
000155,,KOSPI,,2025-06,2026-06,13
0001A0,01516933,KOSDAQ,,2026-01,2026-06,6
000220,00144818,KOSPI,,2022-02,2022-05,4
000230,00146083,KOSPI,,2022-04,2023-03,12
000250,00128546,KOSDAQ,,2019-01,2026-06,90
000300,00126089,KOSPI,,2021-06,2022-03,10
000390,00129387,KOSPI,,2026-03,2026-06,4
000430,00111847,KOSPI,,2023-07,2023-11,5
000440,00149770,KOSDAQ,,2022-02,2023-01,12
000480,00148984,KOSPI,,2023-06,2023-10,5
000490,00109286,KOSPI,,2023-09,2025-09,20
0004V0,00924931,KOSDAQ,,2026-01,2026-06,6
000500,00104768,KOSPI,,2024-04,2026-06,27
000650,00151395,KOSPI,,2025-12,2026-06,7
0007C0,01829819,KOSDAQ,,2025-12,2026-06,7
0007J0,01869710,KOSDAQ,,2026-04,2026-06,3
000890,00123541,KOSPI,,2019-01,2020-05,17
0008Z0,01294110,KOSDAQ,,2025-08,2026-02,7
000910,00144252,KOSPI,,2019-05,2025-06,33
0009K0,01781999,KOSDAQ,,2025-12,2026-06,7
001060,00149947,KOSPI,,2020-03,2025-04,32
0010F0,00871587,KOSDAQ,,2026-04,2026-06,3
0010V0,00185301,KOSDAQ,,2025-08,2025-12,5
0011A0,01554508,KOSDAQ,,2026-03,2026-06,4
0011T0,01279698,KOSDAQ,,2026-04,2026-06,3
001230,00114792,KOSPI,,2021-04,2023-09,30
001250,00138190,KOSPI,,2022-04,2025-05,28
001270,00123772,KOSPI,,2025-09,2026-04,8
001340,00122472,KOSPI,,2020-02,2023-09,24
001360,00126414,KOSPI,,2019-10,2021-11,26
001380,00152039,KOSPI,,2019-01,2025-06,15
001390,00101220,KOSPI,,2022-04,2024-06,25
0013V0,01370322,KOSDAQ,,2025-12,2026-04,5
001470,00125974,KOSPI,,2020-12,2025-05,54
001510,00131850,KOSPI,,2020-07,2026-06,19
001520,00117337,KOSPI,,2021-06,2026-02,9
001550,00148948,KOSPI,,2019-01,2019-09,9
0015G0,00677486,KOSDAQ,,2025-11,2026-06,8
0015N0,01381805,KOSDAQ,,2025-11,2026-05,7
0015S0,01817920,KOSDAQ,,2025-12,2026-04,5
001630,00149354,KOSPI,,2021-01,2021-03,3
001780,00117027,KOSPI,,2020-09,2024-07,44
001790,00113234,KOSPI,,2022-04,2025-08,22
0017J0,01596221,KOSDAQ,,2026-06,2026-06,1
001820,00129350,KOSPI,,2019-01,2026-06,43
002020,00152862,KOSPI,,2025-07,2026-06,12
002070,00107677,KOSPI,,2019-09,2020-09,13
002100,00101433,KOSPI,,2019-01,2019-11,11
002140,00102751,KOSPI,,2019-08,2023-02,29
002150,00114552,KOSPI,,2019-01,2019-11,11
002210,00116268,KOSPI,,2019-01,2020-10,22
002320,00163512,KOSPI,,2019-01,2021-06,30
002360,00136457,KOSPI,,2020-01,2020-07,7
002410,00122694,KOSPI,,2021-07,2023-01,19
002630,00141626,KOSPI,,2025-03,2025-07,5
002680,00140566,KOSDAQ,,2022-05,2022-10,6
002700,00173698,KOSPI,,2019-04,2022-09,33
002720,00104722,KOSPI,,2020-01,2025-03,30
002800,00136448,KOSDAQ,,2023-11,2024-02,4
002880,00149804,KOSPI,,2019-01,2019-05,5
002900,00117230,KOSPI,,2019-01,2023-11,23
003000,00123718,KOSPI,,2019-01,2022-10,46
003010,00165343,KOSPI,,2019-01,2023-06,21
003060,00101044,KOSPI,,2019-12,2021-01,14
003070,00152880,KOSPI,,2022-11,2023-03,5
003100,00131896,KOSDAQ,,2023-04,2023-07,4
003160,00118275,KOSPI,,2024-04,2026-06,27
003220,00111999,KOSPI,,2020-07,2023-02,25
003280,00167208,KOSPI,,2024-01,2026-06,30
003310,00112457,KOSDAQ,,2022-05,2026-06,22
003350,00160621,KOSPI,,2019-01,2019-04,4
003380,00148364,KOSDAQ,,2023-04,2026-06,18
003495,,KOSPI,,2019-05,2019-07,3
003520,00141149,KOSPI,,2019-01,2021-06,30
003530,00148610,KOSPI,,2021-03,2026-06,50
003535,,KOSPI,,2021-04,2021-07,4
003560,00154426,KOSPI,,2019-01,2020-06,18
003580,00169048,KOSPI,,2019-11,2023-05,33
003780,00150439,KOSPI,,2019-01,2021-05,6
003850,00123143,KOSPI,,2021-01,2022-02,14
004060,00133511,KOSPI,,2019-06,2019-11,6
004090,00157991,KOSPI,,2022-02,2026-06,34
004100,00153755,KOSPI,,2019-01,2025-07,5
004140,00115287,KOSPI,,2021-02,2026-01,27
0041J0,01906552,KOSDAQ,,2025-08,2025-08,1
004250,00108038,KOSPI,,2022-01,2022-12,12
004270,00172185,KOSPI,,2019-01,2021-05,22
004310,00164706,KOSPI,,2019-01,2026-06,19
004410,00130879,KOSPI,,2021-03,2021-09,7
004430,00134963,KOSPI,,2019-01,2020-07,19
004540,00113492,KOSPI,,2021-05,2021-08,4
004560,00125743,KOSPI,,2021-03,2021-10,8
004650,00123523,KOSDAQ,,2020-03,2020-07,5
004690,00128555,KOSPI,,2022-12,2023-10,11
004710,00157399,KOSPI,,2026-06,2026-06,1
004720,00135050,KOSPI,,2020-08,2022-02,16
004770,00138057,KOSPI,,2019-01,2022-09,37
004830,00114093,KOSPI,,2020-12,2025-06,41
004870,00109514,KOSPI,,2019-01,2019-02,2
004980,00132804,KOSPI,,2019-01,2019-11,11
005010,00156488,KOSPI,,2025-03,2025-10,8
005030,00124151,KOSPI,,2022-06,2022-09,4
005110,00163716,KOSPI,,2019-01,2020-07,19
005160,00172680,KOSDAQ,,2022-10,2023-09,12
005290,00118804,KOSDAQ,,2019-04,2026-06,87
005320,00168331,KOSPI,,2020-05,2020-11,7
005360,00121288,KOSPI,,2019-07,2021-01,19
005385,,KOSPI,,2019-01,2026-06,90
005387,,KOSPI,,2019-01,2026-06,90
005390,00136341,KOSPI,,2019-08,2022-09,33
005690,00145163,KOSPI,,2019-01,2026-06,75
005860,00162911,KOSDAQ,,2022-03,2024-12,34
005870,00111421,KOSPI,,2023-10,2025-08,21
005880,00113535,KOSPI,,2020-12,2026-06,57
005935,,KOSPI,,2019-01,2026-06,90
005950,00145552,KOSPI,,2022-09,2024-05,21
006050,00104537,KOSDAQ,,2019-01,2021-04,18
006120,00131832,KOSPI,,2020-07,2021-05,11
006220,00148832,KOSPI,,2021-03,2026-04,40
006340,00260392,KOSPI,,2019-01,2026-06,42
006390,00164672,KOSPI,,2019-01,2019-04,4
006490,00122825,KOSPI,,2019-01,2022-02,23
006660,00126201,KOSPI,,2024-06,2025-07,11
006740,00141404,KOSPI,,2023-07,2024-03,9
006880,00136402,KOSPI,,2022-05,2023-11,13
006890,00109161,KOSPI,,2019-01,2019-09,9
006910,00267881,KOSDAQ,,2019-01,2026-06,41
006980,00142661,KOSPI,,2019-05,2020-08,16
007110,00146296,KOSPI,,2019-01,2025-12,39
0071M0,01935183,KOSDAQ,,2025-09,2025-10,2
007210,00122898,KOSPI,,2021-06,2022-01,8
007330,00124805,KOSDAQ,,2022-09,2023-03,7
007370,00150536,KOSDAQ,,2020-02,2020-11,10
007390,00117276,KOSDAQ,,2019-01,2026-06,90
007460,00152385,KOSPI,,2019-01,2025-03,75
007540,00130091,KOSPI,,2019-05,2022-12,14
007570,00146454,KOSPI,,2020-03,2022-01,23
007630,00167280,KOSPI,,2019-01,2019-07,7
007700,00126487,KOSPI,,2019-01,2023-04,42
007720,00104810,KOSDAQ,,2019-01,2019-11,11
007810,00152686,KOSPI,,2024-02,2026-06,17
007860,00163114,KOSPI,,2020-08,2022-05,22
007980,00154329,KOSPI,,2022-12,2023-02,3
008040,00137252,KOSPI,,2019-04,2022-11,16
008060,00109189,KOSPI,,2019-01,2020-09,21
008250,00145446,KOSPI,,2019-01,2019-04,4
0082N0,01782183,KOSDAQ,,2026-03,2026-06,4
008350,00107224,KOSPI,,2019-01,2026-06,66
008355,,KOSPI,,2019-01,2019-02,2
008420,00121570,KOSPI,,2019-01,2019-04,4
008560,00163682,KOSPI,,2019-01,2023-03,51
008600,00104999,KOSPI,,2019-01,2019-03,3
008700,00138516,KOSPI,,2019-01,2021-05,17
008830,00109310,KOSDAQ,,2024-12,2026-06,19
0088M0,01780608,KOSDAQ,,2026-03,2026-06,4
008970,00117629,KOSPI,,2019-01,2026-06,19
009070,00103042,KOSPI,,2021-03,2026-04,17
009155,,KOSPI,,2026-06,2026-06,1
009270,00136864,KOSPI,,2019-01,2022-07,24
009290,00103592,KOSPI,,2020-09,2021-02,6
009320,00111689,KOSPI,,2019-01,2021-02,26
009410,00153861,KOSPI,,2019-01,2021-02,26
009460,00163761,KOSPI,,2019-01,2020-07,19
009470,00129271,KOSPI,,2019-01,2025-05,16
009520,00128111,KOSDAQ,,2019-01,2025-05,63
009620,00125822,KOSDAQ,,2021-06,2021-12,7
009680,00151128,KOSPI,,2019-01,2019-06,6
0096B0,01946532,KOSDAQ,,2025-11,2026-01,3
009730,00116426,KOSDAQ,,2019-01,2019-08,8
009835,,KOSPI,,2020-09,2021-01,5
0099X0,01949584,KOSDAQ,,2025-12,2026-01,2
010040,00160205,KOSPI,,2019-01,2019-12,12
010050,00104102,KOSPI,,2021-04,2022-01,10
010145,,KOSPI,,2020-07,2020-11,5
010170,00113261,KOSDAQ,,2019-01,2026-06,34
010240,00167031,KOSDAQ,,2019-01,2019-05,5
0105P0,01954832,KOSDAQ,,2025-12,2026-01,2
010600,00141273,KOSPI,,2019-01,2024-02,18
010660,00166500,KOSPI,,2019-07,2024-06,30
010770,00155124,KOSPI,,2019-01,2025-08,7
010820,00148522,KOSPI,,2022-01,2026-06,33
011000,00118521,KOSPI,,2020-02,2023-11,46
011040,00101549,KOSDAQ,,2020-08,2020-12,5
011080,00142713,KOSDAQ,,2025-05,2025-08,4
011090,00139764,KOSPI,,2019-01,2022-05,20
011150,00129013,KOSPI,,2019-04,2024-11,28
011230,00129280,KOSPI,,2023-05,2024-04,12
011280,00153524,KOSPI,,2019-05,2021-04,20
011320,00147152,KOSDAQ,,2019-01,2021-03,27
011370,00131504,KOSDAQ,,2021-07,2021-11,5
011390,00124027,KOSPI,,2019-01,2020-08,20
011500,00160861,KOSPI,,2021-03,2025-06,28
0115H0,01957909,KOSDAQ,,2026-01,2026-03,3
011700,00162072,KOSPI,,2021-09,2023-06,22
011760,00164812,KOSPI,,2019-01,2019-11,11
011810,00138297,KOSPI,,2022-11,2024-07,21
011930,00136271,KOSPI,,2020-08,2026-06,44
012030,00163345,KOSPI,,2023-04,2023-09,6
0120G0,01965333,KOSPI,,2025-11,2026-06,8
012170,00145437,KOSPI,,2024-04,2024-07,4
012200,00102618,KOSPI,,2026-01,2026-06,6
012210,00125664,KOSDAQ,,2025-12,2026-06,7
012320,00143527,KOSPI,,2022-12,2024-01,14
012510,00172291,KOSPI,,2019-01,2026-06,90
012610,00102113,KOSPI,,2019-07,2020-10,16
012630,00164636,KOSPI,,2019-01,2021-09,33
012690,00173102,KOSPI,,2019-01,2020-11,18
012700,00117708,KOSDAQ,,2019-09,2020-02,6
012790,00137058,KOSDAQ,,2020-07,2021-02,8
012800,00112651,KOSPI,,2019-05,2023-10,24
012860,00137234,KOSDAQ,,2023-05,2026-06,11
0129K0,01963140,KOSDAQ,,2026-04,2026-05,2
013000,00134176,KOSPI,,2019-01,2020-07,19
0130D0,01963520,KOSDAQ,,2026-04,2026-05,2
0130H0,01965698,KOSDAQ,,2026-04,2026-05,2
0131D0,01964246,KOSDAQ,,2026-06,2026-06,1
013310,00139083,KOSDAQ,,2019-07,2024-01,18
013360,00146232,KOSPI,,2021-09,2023-02,18
013570,00117179,KOSPI,,2022-02,2022-10,9
013580,00102432,KOSPI,,2025-04,2025-08,5
013700,00129420,KOSPI,,2020-01,2022-05,18
013810,00136165,KOSDAQ,,2020-01,2025-01,20
013870,00156354,KOSPI,,2019-01,2019-06,6
013890,00150633,KOSPI,,2019-10,2022-09,36
013990,00138446,KOSDAQ,,2021-06,2021-11,6
014100,00267854,KOSDAQ,,2020-01,2020-04,4
014130,00129509,KOSPI,,2019-05,2019-08,4
014160,00111458,KOSPI,,2019-01,2025-08,41
014190,00128175,KOSDAQ,,2021-04,2022-01,10
014200,00103635,KOSDAQ,,2022-04,2023-02,11
014280,00105299,KOSPI,,2025-10,2026-02,5
014470,00243067,KOSDAQ,,2019-07,2019-11,5
014530,00105156,KOSPI,,2020-01,2024-01,10
014570,00103015,KOSDAQ,,2020-01,2020-11,11
014580,00122481,KOSPI,,2019-06,2023-12,24
014830,00159786,KOSPI,,2021-09,2023-08,24
014910,00132628,KOSPI,,2019-01,2019-04,4
014915,,KOSPI,,2019-01,2019-04,4
014940,00141608,KOSDAQ,,2025-09,2026-02,6
014950,00127875,KOSDAQ,,2025-10,2026-03,6
014970,00125488,KOSDAQ,,2019-08,2020-12,17
014990,00106881,KOSPI,,2019-01,2023-03,17
015020,00134565,KOSPI,,2021-07,2022-05,11
015710,00187725,KOSDAQ,,2023-01,2023-03,3
015750,00132992,KOSDAQ,,2022-10,2026-06,45
015860,00146649,KOSPI,,2022-05,2022-11,7
015890,00153339,KOSPI,,2023-06,2023-11,6
0164H0,01987779,KOSDAQ,,2026-06,2026-06,1
016600,00267942,KOSDAQ,,2022-05,2022-08,4
016670,00125725,KOSDAQ,,2019-01,2020-07,19
016710,00108940,KOSPI,,2023-04,2023-07,4
016790,00164618,KOSDAQ,,2019-01,2024-04,31
016880,00143651,KOSPI,,2021-05,2022-03,11
016920,00152260,KOSDAQ,,2021-06,2022-04,11
017040,00103662,KOSPI,,2021-07,2022-09,10
017180,00121039,KOSPI,,2020-05,2021-03,11
017250,00145914,KOSDAQ,,2019-01,2019-04,4
017510,00133751,KOSDAQ,,2024-07,2026-06,24
017550,00135111,KOSPI,,2019-01,2023-03,24
017860,00108612,KOSPI,,2023-12,2025-11,24
017890,00158565,KOSDAQ,,2020-02,2021-01,12
017900,00152729,KOSPI,,2026-04,2026-06,3
018000,00144243,KOSDAQ,,2020-08,2021-08,13
018250,00139454,KOSPI,,2019-01,2020-06,18
018290,00150165,KOSDAQ,,2024-05,2026-06,26
018470,00149239,KOSPI,,2021-09,2026-06,31
018620,00103547,KOSDAQ,,2019-06,2020-04,11
019175,,KOSPI,,2020-07,2022-05,10
019540,00146560,KOSDAQ,,2019-08,2019-12,5
019550,00156910,KOSDAQ,,2021-03,2022-01,11
019770,00153278,KOSDAQ,,2019-01,2021-06,6
019990,00169215,KOSDAQ,,2022-04,2023-04,13
020120,00140131,KOSPI,,2023-01,2023-03,3
020180,00110875,KOSDAQ,,2019-01,2019-04,4
020710,00170026,KOSDAQ,,2025-05,2025-07,3
021050,00131197,KOSPI,,2019-12,2023-12,16
021080,00161462,KOSDAQ,,2021-04,2022-04,13
021880,00136101,KOSDAQ,,2022-05,2022-08,4
023350,00159500,KOSPI,,2019-01,2019-03,3
023410,00184667,KOSDAQ,,2019-01,2020-05,17
023770,00138367,KOSDAQ,,2019-09,2020-01,5
023800,00103510,KOSPI,,2019-01,2019-04,4
023900,00155452,KOSDAQ,,2019-01,2021-01,25
024060,00167004,KOSDAQ,,2019-05,2026-06,60
024720,00203290,KOSPI,,2025-07,2025-11,5
024740,00162832,KOSDAQ,,2021-06,2022-12,16
024810,00145738,KOSDAQ,,2021-03,2023-07,12
024840,00158024,KOSDAQ,,2024-05,2026-06,13
024880,00157636,KOSDAQ,,2022-04,2023-05,14
024890,00112022,KOSPI,,2021-10,2022-03,6
024900,00114154,KOSPI,,2023-04,2023-10,7
024940,00133557,KOSDAQ,,2021-06,2025-06,9
025320,00203023,KOSDAQ,,2019-01,2026-06,68
025550,00158015,KOSDAQ,,2021-06,2025-11,19
025620,00136776,KOSPI,,2019-01,2020-03,15
025750,00203582,KOSPI,,2019-01,2021-12,17
025770,00159342,KOSDAQ,,2022-09,2023-04,8
025820,00145464,KOSPI,,2022-03,2024-11,19
025860,00107987,KOSPI,,2022-04,2026-06,13
025880,00101752,KOSDAQ,,2022-05,2022-11,7
025950,00116408,KOSDAQ,,2021-03,2025-07,30
025980,00161781,KOSDAQ,,2019-01,2026-06,90
026150,00186939,KOSDAQ,,2019-01,2023-01,25
026890,00117498,KOSPI,,2019-01,2022-09,45
027050,00152589,KOSDAQ,,2020-01,2021-01,13
027360,00156895,KOSDAQ,,2019-01,2026-06,29
027580,00129615,KOSDAQ,,2019-05,2024-07,20
027710,00192499,KOSDAQ,,2021-03,2023-11,29
027740,00204208,KOSPI,,2019-04,2020-08,17
027830,00109037,KOSDAQ,,2021-04,2023-02,9
028040,00111865,KOSDAQ,,2019-01,2019-06,6
028100,00178754,KOSPI,,2019-01,2020-06,18
029960,00197476,KOSDAQ,,2019-01,2020-11,23
030520,00204262,KOSDAQ,,2021-12,2026-06,43
030530,00216647,KOSDAQ,,2025-03,2026-06,16
030720,00118044,KOSPI,,2019-10,2019-12,3
030790,00273615,KOSPI,,2019-01,2020-03,15
030960,00139685,KOSDAQ,,2022-09,2023-12,16
031210,00112998,KOSPI,,2025-03,2026-06,16
031390,00198378,KOSDAQ,,2019-01,2021-04,28
031820,00186559,KOSPI,,2019-01,2020-05,17
031980,00208444,KOSDAQ,,2024-07,2026-06,24
032080,00201131,KOSDAQ,,2021-07,2021-12,6
032190,00238782,KOSDAQ,,2023-01,2024-04,16
032300,00187770,KOSDAQ,,2020-09,2022-05,21
032500,00226352,KOSDAQ,,2019-05,2024-10,66
032540,00201733,KOSDAQ,,2022-03,2022-06,4
032580,00189538,KOSDAQ,,2023-06,2024-06,13
032620,00220057,KOSDAQ,,2020-05,2024-06,14
032820,00231044,KOSDAQ,,2019-01,2026-06,72
032850,00231707,KOSDAQ,,2020-04,2024-06,16
032940,00210980,KOSDAQ,,2025-06,2026-04,11
033100,00185356,KOSDAQ,,2019-01,2026-06,32
033110,00194275,KOSDAQ,,2019-05,2020-02,10
033160,00121686,KOSDAQ,,2021-08,2026-06,19
033170,00158219,KOSDAQ,,2019-01,2019-12,12
033180,00193009,KOSPI,,2019-01,2021-11,35
033230,00229021,KOSDAQ,,2021-10,2024-11,26
033250,00125576,KOSPI,,2019-09,2020-12,16
033270,00158963,KOSPI,,2020-08,2022-06,23
033310,00143226,KOSDAQ,,2021-06,2022-12,19
033320,00223513,KOSDAQ,,2020-10,2025-08,17
033340,00205003,KOSDAQ,,2019-01,2026-05,31
033500,00231105,KOSDAQ,,2025-09,2026-06,10
033530,00134510,KOSPI,,2019-01,2019-06,6
033600,00264787,KOSDAQ,,2019-01,2019-02,2
033640,00227333,KOSDAQ,,2019-01,2024-09,69
033790,00276083,KOSDAQ,,2026-05,2026-06,2
033830,00204642,KOSDAQ,,2021-10,2022-05,8
03473K,,KOSPI,,2020-01,2020-10,10
034940,00231831,KOSDAQ,,2020-05,2021-02,10
035080,00244561,KOSDAQ,,2021-02,2022-08,19
035460,00258421,KOSDAQ,,2022-05,2023-01,9
035510,00219486,KOSPI,,2024-12,2026-06,19
035600,00264547,KOSDAQ,,2019-01,2023-04,34
035620,00259590,KOSDAQ,,2019-05,2020-07,15
035760,00265324,KOSDAQ,,2019-01,2026-06,90
035810,00242378,KOSDAQ,,2019-05,2022-10,33
035890,00219848,KOSDAQ,,2019-01,2020-01,13
035900,00258689,KOSDAQ,,2019-01,2026-06,90
036030,00260958,KOSDAQ,,2021-03,2021-08,6
036090,00258360,KOSDAQ,,2021-01,2022-04,10
036120,00260745,KOSDAQ,,2020-07,2023-05,15
036170,00232821,KOSDAQ,,2021-06,2021-08,3
036200,00260569,KOSDAQ,,2019-01,2024-11,45
036220,00260657,KOSDAQ,,2024-03,2024-05,3
036420,00203315,KOSPI,,2019-01,2024-01,61
036480,00177320,KOSDAQ,,2019-01,2019-07,7
036490,00110051,KOSDAQ,,2019-01,2021-11,35
036540,00301246,KOSDAQ,,2019-05,2026-06,71
036560,00141389,KOSDAQ,,2024-10,2025-02,5
036630,00268002,KOSDAQ,,2019-01,2021-06,12
036810,00223434,KOSDAQ,,2020-06,2025-05,34
036830,00247975,KOSDAQ,,2019-07,2025-04,31
036930,00252135,KOSDAQ,,2022-01,2026-06,54
037030,00231354,KOSDAQ,,2021-12,2026-06,11
037070,00238153,KOSDAQ,,2019-05,2021-10,16
037230,00198192,KOSDAQ,,2020-12,2021-02,3
037270,00249247,KOSPI,,2020-09,2026-05,47
037370,00261054,KOSDAQ,,2019-01,2023-10,13
037440,00236863,KOSDAQ,,2022-02,2023-07,18
037560,00222532,KOSPI,,2021-06,2022-12,15
037950,00242712,KOSDAQ,,2019-01,2024-10,38
038060,00406329,KOSDAQ,,2019-01,2019-03,3
038070,00373447,KOSDAQ,,2021-05,2022-02,10
038110,00139153,KOSDAQ,,2021-09,2026-06,33
038160,00334624,KOSDAQ,,2019-08,2020-03,8
038290,00261373,KOSDAQ,,2020-03,2020-11,9
038500,00239639,KOSDAQ,,2021-03,2026-06,12
038530,00255105,KOSDAQ,,2021-09,2022-04,8
038540,00306162,KOSDAQ,,2019-08,2020-08,13
038620,00264228,KOSDAQ,,2021-05,2022-07,15
038680,00264635,KOSDAQ,,2019-06,2020-02,9
038870,00287812,KOSDAQ,,2019-01,2024-03,9
038880,00252269,KOSDAQ,,2021-01,2022-04,16
039030,00246417,KOSDAQ,,2019-01,2026-06,90
039200,00263654,KOSDAQ,,2019-01,2026-06,90
039240,00206039,KOSDAQ,,2021-09,2025-07,13
039290,00243757,KOSDAQ,,2021-12,2022-11,12
039440,00298340,KOSDAQ,,2023-09,2026-06,34
039560,00268251,KOSDAQ,,2023-07,2023-11,5
039610,00217743,KOSDAQ,,2019-01,2025-10,22
039830,00141556,KOSDAQ,,2019-01,2020-05,17
039860,00230425,KOSDAQ,,2020-08,2021-02,7
039980,00369213,KOSDAQ,,2024-05,2025-11,19
040300,00200275,KOSDAQ,,2022-09,2023-06,10
041020,00269852,KOSDAQ,,2023-07,2025-12,30
041140,00266943,KOSDAQ,,2019-01,2022-03,28
041190,00231664,KOSDAQ,,2019-01,2026-06,87
041440,00228536,KOSDAQ,,2022-05,2025-06,23
041460,00361169,KOSDAQ,,2021-07,2022-06,12
041510,00260930,KOSDAQ,,2019-01,2026-06,90
041590,00297448,KOSDAQ,,2020-01,2020-02,2
041910,00463342,KOSDAQ,,2019-12,2025-07,14
041920,00273439,KOSDAQ,,2022-02,2022-04,3
041930,00199988,KOSDAQ,,2019-04,2019-11,8
041960,00187415,KOSDAQ,,2019-01,2021-02,26
042000,00260879,KOSDAQ,,2019-01,2026-06,66
042040,00206686,KOSDAQ,,2020-09,2021-11,15
042110,00171867,KOSDAQ,,2019-01,2021-09,9
042370,00103644,KOSDAQ,,2023-09,2024-09,13
042420,00266952,KOSDAQ,,2021-12,2022-06,7
042510,00255433,KOSDAQ,,2019-05,2022-04,21
042600,00147994,KOSDAQ,,2021-11,2023-09,10
042940,00232007,KOSDAQ,,2025-04,2025-09,6
043200,00266934,KOSDAQ,,2020-01,2021-01,13
043220,00317487,KOSDAQ,,2019-11,2021-10,12
043260,00317210,KOSDAQ,,2026-02,2026-06,5
043590,00260611,KOSDAQ,,2019-01,2019-03,3
043610,00223762,KOSDAQ,,2021-03,2021-08,6
043910,00418379,KOSDAQ,,2021-06,2023-03,20
044060,00291860,KOSDAQ,,2022-06,2023-06,13
044180,00111218,KOSDAQ,,2019-01,2019-01,1
044340,00293886,KOSDAQ,,2019-04,2021-06,27
044380,00269241,KOSPI,,2020-02,2020-06,5
044490,00186799,KOSDAQ,,2025-06,2026-06,13
044960,00145473,KOSDAQ,,2019-06,2021-02,21
045060,00220969,KOSDAQ,,2020-01,2020-10,10
045100,00216762,KOSDAQ,,2023-09,2023-11,3
045390,00318316,KOSDAQ,,2019-01,2022-09,45
045520,00185222,KOSDAQ,,2019-04,2020-11,20
045660,00256502,KOSDAQ,,2020-07,2025-07,31
045890,00455112,KOSDAQ,,2019-01,2020-06,18
046120,00297989,KOSDAQ,,2019-01,2026-06,22
046310,00360036,KOSDAQ,,2021-07,2021-08,2
046440,00405278,KOSDAQ,,2020-06,2022-08,14
046890,00130763,KOSDAQ,,2019-01,2023-01,49
046940,00363246,KOSDAQ,,2019-01,2019-03,3
046970,00296005,KOSDAQ,,2023-10,2026-06,8
047080,00348292,KOSDAQ,,2021-04,2021-09,6
047310,00269612,KOSDAQ,,2019-01,2024-06,39
047400,00369833,KOSPI,,2019-05,2024-03,42
047560,00273420,KOSDAQ,,2024-01,2025-11,23
047770,00329093,KOSDAQ,,2025-10,2026-06,9
047820,00299464,KOSDAQ,,2019-01,2022-09,45
047920,00336817,KOSDAQ,,2024-03,2026-03,25
048260,00341916,KOSDAQ,,2019-01,2023-05,50
048410,00313649,KOSDAQ,,2019-01,2026-06,90
048470,00109268,KOSDAQ,,2019-01,2019-04,4
048530,00292434,KOSDAQ,,2019-01,2023-02,50
048550,00185046,KOSDAQ,,2021-07,2023-05,23
048910,00351807,KOSDAQ,,2021-04,2022-01,10
049070,00226866,KOSDAQ,,2023-03,2025-04,26
049080,00377018,KOSDAQ,,2019-04,2026-06,22
049180,00310156,KOSDAQ,,2019-01,2025-03,22
049470,00351579,KOSDAQ,,2025-09,2025-11,3
049480,00335076,KOSDAQ,,2020-02,2022-05,23
049630,00147082,KOSDAQ,,2025-12,2026-06,7
049720,00336297,KOSDAQ,,2022-09,2023-05,9
049950,00447760,KOSDAQ,,2019-01,2024-09,29
050110,00330044,KOSDAQ,,2022-06,2023-03,10
050860,00138747,KOSDAQ,,2019-01,2022-07,9
050890,00364403,KOSDAQ,,2019-05,2026-06,43
051370,00369170,KOSDAQ,,2019-01,2020-09,21
051490,00297095,KOSDAQ,,2020-10,2021-03,6
051630,00347734,KOSPI,,2019-01,2019-09,9
051915,,KOSPI,,2020-08,2026-06,71
051980,00347716,KOSDAQ,,2024-07,2026-06,24
052020,00273110,KOSDAQ,,2019-01,2024-05,41
052190,00347877,KOSDAQ,,2019-12,2020-03,4
052220,00370006,KOSDAQ,,2022-11,2023-03,5
052260,00347062,KOSDAQ,,2019-11,2020-12,14
052400,00349732,KOSDAQ,,2025-04,2026-06,15
052420,00350048,KOSDAQ,,2019-10,2025-12,34
052460,00405719,KOSDAQ,,2021-04,2021-07,4
052600,00244783,KOSDAQ,,2021-04,2022-10,12
052670,00185505,KOSDAQ,,2019-01,2021-02,24
053030,00216027,KOSDAQ,,2019-01,2026-03,75
053050,00351995,KOSDAQ,,2021-12,2025-03,37
053080,00304076,KOSDAQ,,2020-09,2021-03,7
053260,00105475,KOSDAQ,,2022-04,2023-04,13
053270,00202060,KOSDAQ,,2021-03,2022-09,8
053280,00362858,KOSDAQ,,2021-08,2025-01,7
053290,00363927,KOSDAQ,,2021-04,2022-05,14
053300,00306454,KOSDAQ,,2020-07,2025-11,15
053580,00323868,KOSDAQ,,2019-01,2025-08,26
053610,00325112,KOSDAQ,,2023-07,2024-06,12
053690,00413523,KOSPI,,2022-09,2025-04,32
053700,00351092,KOSDAQ,,2019-01,2019-03,3
053800,00298270,KOSDAQ,,2019-01,2026-03,82
053980,00226547,KOSDAQ,,2020-04,2020-11,8
054210,00206659,KOSDAQ,,2019-01,2020-02,14
054220,00201432,KOSDAQ,,2019-01,2019-03,3
054450,00423177,KOSDAQ,,2020-09,2024-09,40
054540,00250614,KOSDAQ,,2025-09,2026-06,10
054780,00353762,KOSDAQ,,2019-01,2020-11,23
054920,00363592,KOSDAQ,,2023-02,2023-05,4
054930,00144650,KOSDAQ,,2019-01,2023-03,12
054940,00360577,KOSDAQ,,2019-06,2020-01,8
056080,00234227,KOSDAQ,,2022-01,2026-06,29
056090,00346610,KOSDAQ,,2022-02,2022-12,11
056190,00358271,KOSDAQ,,2019-01,2025-06,78
056700,00228350,KOSDAQ,,2022-07,2023-02,8
057030,00307222,KOSDAQ,,2019-01,2021-01,18
057540,00265005,KOSDAQ,,2020-10,2021-09,6
057680,00372688,KOSDAQ,,2021-12,2022-09,10
057880,00410739,KOSDAQ,,2020-09,2022-05,21
058110,00270113,KOSDAQ,,2023-02,2023-03,2
058400,00208134,KOSDAQ,,2019-09,2021-03,19
058430,00155258,KOSPI,,2021-04,2024-02,18
058610,00220686,KOSDAQ,,2022-10,2026-06,45
058630,00397058,KOSDAQ,,2021-03,2023-05,27
058730,00353878,KOSPI,,2019-01,2019-04,4
058820,00380429,KOSDAQ,,2019-01,2021-10,34
058850,00372882,KOSPI,,2023-02,2024-04,15
058860,00372873,KOSPI,,2023-02,2023-05,4
058970,00396925,KOSDAQ,,2023-04,2026-02,35
059090,00366942,KOSDAQ,,2019-01,2023-11,47
059270,00453442,KOSDAQ,,2021-04,2021-06,3
060150,00375931,KOSDAQ,,2019-05,2022-05,37
060230,00363510,KOSDAQ,,2023-02,2023-09,8
060240,00373571,KOSDAQ,,2022-04,2023-03,12
060250,00357740,KOSDAQ,,2020-04,2026-06,60
060280,00356802,KOSDAQ,,2023-06,2026-06,21
060310,00378363,KOSDAQ,,2024-01,2024-07,7
060370,00225742,KOSDAQ,,2024-06,2026-06,25
060480,00203847,KOSDAQ,,2019-01,2019-12,12
060560,00288495,KOSDAQ,,2021-10,2021-12,3
060720,00378628,KOSDAQ,,2019-12,2024-09,58
060850,00532129,KOSDAQ,,2020-08,2020-11,4
061040,00309831,KOSDAQ,,2020-07,2021-02,8
061250,00188973,KOSDAQ,,2020-03,2023-03,21
061970,00412348,KOSDAQ,,2019-01,2022-09,45
062970,00403766,KOSDAQ,,2020-01,2026-06,26
063080,00535746,KOSDAQ,,2021-11,2023-05,19
063160,00390055,KOSPI,,2020-12,2021-07,8
063170,00410915,KOSDAQ,,2019-01,2023-07,27
063440,00367604,KOSDAQ,,2019-12,2023-04,36
064240,00385336,KOSDAQ,,2019-04,2019-09,6
064260,00389970,KOSDAQ,,2019-08,2026-06,58
064480,00359076,KOSDAQ,,2023-02,2023-06,5
064510,00127699,KOSDAQ,,2019-01,2019-04,4
064550,00326731,KOSDAQ,,2020-03,2025-08,66
064820,00152437,KOSDAQ,,2025-09,2026-01,5
065060,00258102,KOSDAQ,,2019-01,2019-06,6
065350,00136226,KOSDAQ,,2021-01,2026-06,51
065440,00390514,KOSDAQ,,2021-06,2023-04,23
065450,00385363,KOSDAQ,,2019-03,2025-01,65
065500,00300405,KOSDAQ,,2025-01,2025-11,11
065530,00250137,KOSDAQ,,2019-04,2020-10,19
065660,00631837,KOSDAQ,,2019-01,2022-03,39
065940,00155382,KOSDAQ,,2019-01,2019-02,2
065950,00362159,KOSDAQ,,2019-01,2021-02,21
066130,00221728,KOSDAQ,,2019-04,2020-03,12
066360,00216434,KOSDAQ,,2019-09,2019-12,4
066410,00378220,KOSDAQ,,2021-11,2023-03,17
066575,,KOSPI,,2021-01,2026-06,12
066590,00301422,KOSDAQ,,2019-01,2021-04,25
066670,00371740,KOSDAQ,,2021-08,2023-08,16
066700,00249894,KOSDAQ,,2019-01,2020-12,24
066790,00249441,KOSDAQ,,2023-12,2025-08,21
066910,00306870,KOSDAQ,,2021-05,2021-06,2
067000,00397252,KOSDAQ,,2021-12,2023-03,16
067080,00210740,KOSDAQ,,2024-10,2026-03,18
067160,00399694,KOSDAQ,,2019-01,2026-06,90
067170,00397289,KOSDAQ,,2020-08,2021-04,9
067310,00445054,KOSDAQ,,2023-04,2026-06,39
067630,00365590,KOSDAQ,,2019-01,2026-02,86
068050,00397191,KOSDAQ,,2021-04,2021-06,3
068100,00426828,KOSDAQ,,2024-02,2024-05,4
068240,00523307,KOSDAQ,,2019-01,2021-04,28
068290,00423690,KOSPI,,2019-01,2022-03,34
068330,00385415,KOSDAQ,,2020-08,2025-09,17
069080,00405320,KOSDAQ,,2019-01,2022-08,44
069540,00367482,KOSDAQ,,2019-01,2026-06,11
070960,00365989,KOSPI,,2019-01,2020-01,13
071090,00435312,KOSPI,,2022-04,2025-12,19
071460,00300557,KOSDAQ,,2019-04,2019-07,4
072520,00408956,KOSDAQ,,2020-08,2021-10,15
073010,00328191,KOSDAQ,,2025-09,2025-12,4
073070,00235147,KOSDAQ,,2019-01,2020-06,18
073490,00462121,KOSDAQ,,2020-04,2021-03,12
073560,00413417,KOSDAQ,,2019-09,2020-01,5
073570,00440712,KOSDAQ,,2022-12,2025-01,26
073640,00373021,KOSDAQ,,2023-06,2024-04,11
074430,00466428,KOSDAQ,,2021-05,2022-10,10
074610,00469799,KOSPI,,2019-01,2024-07,44
075580,00415628,KOSPI,,2025-08,2026-06,11
075970,00472890,KOSDAQ,,2021-04,2023-10,10
076080,00487546,KOSDAQ,,2022-12,2023-11,12
077360,00471068,KOSDAQ,,2026-04,2026-06,3
077500,00414601,KOSPI,,2024-03,2024-05,3
077970,00480455,KOSPI,,2025-08,2026-06,11
078130,00104573,KOSDAQ,,2019-01,2022-04,40
078140,00442826,KOSDAQ,,2024-07,2025-01,7
078150,00255275,KOSDAQ,,2019-01,2025-06,34
078160,00453929,KOSDAQ,,2019-01,2021-03,27
078340,00476498,KOSDAQ,,2019-01,2025-09,81
078520,00400857,KOSPI,,2019-01,2019-08,8
078590,00230814,KOSDAQ,,2019-01,2021-03,24
078600,00177816,KOSDAQ,,2019-01,2026-06,90
078890,00441304,KOSDAQ,,2021-08,2022-07,12
079160,00303873,KOSPI,,2019-01,2023-03,51
079170,00202839,KOSDAQ,,2023-06,2023-08,3
079370,00442570,KOSDAQ,,2023-07,2025-07,25
079440,00176792,KOSPI,,2019-01,2020-01,13
079900,00372129,KOSPI,,2024-08,2026-06,23
079940,00506294,KOSDAQ,,2020-04,2020-10,7
080160,00456218,KOSDAQ,,2019-01,2022-07,43
080220,00447487,KOSDAQ,,2021-02,2026-06,46
080420,00480048,KOSDAQ,,2022-03,2022-04,2
080470,00486370,KOSDAQ,,2019-01,2019-04,4
080720,00532855,KOSDAQ,,2020-04,2021-02,11
081000,00508274,KOSPI,,2019-01,2021-04,28
081150,00497631,KOSDAQ,,2019-01,2023-01,37
081180,00406222,KOSDAQ,,2025-04,2025-07,4
082270,00492894,KOSDAQ,,2019-12,2026-06,43
082800,00533191,KOSDAQ,,2019-12,2021-03,16
082850,00369107,KOSDAQ,,2020-11,2025-03,23
082920,00154718,KOSDAQ,,2026-05,2026-06,2
083420,00454946,KOSPI,,2021-01,2023-06,14
083450,00540863,KOSDAQ,,2024-03,2026-06,28
083550,00242934,KOSDAQ,,2020-02,2020-12,11
083640,00475976,KOSDAQ,,2019-01,2020-04,16
083650,00409788,KOSDAQ,,2019-01,2026-06,23
083790,00407814,KOSDAQ,,2019-01,2022-03,39
083930,00442145,KOSDAQ,,2023-06,2023-10,5
084110,00228059,KOSDAQ,,2021-04,2021-12,9
084370,00531014,KOSDAQ,,2025-12,2026-06,7
084650,00545114,KOSDAQ,,2020-02,2025-12,71
084670,00540641,KOSPI,,2025-12,2026-06,7
084680,00540605,KOSPI,,2019-01,2024-04,23
084690,00539274,KOSPI,,2023-12,2025-08,21
084695,,KOSPI,,2023-12,2024-03,4
084850,00579980,KOSDAQ,,2019-11,2021-03,17
084990,00359395,KOSDAQ,,2019-01,2023-04,52
085310,00172228,KOSPI,,2019-01,2019-04,4
085370,00549925,KOSDAQ,,2023-06,2023-09,4
085660,00525679,KOSDAQ,,2019-01,2026-06,90
085670,00493510,KOSDAQ,,2024-02,2025-03,14
086040,00447502,KOSDAQ,,2020-11,2021-02,4
086060,00491053,KOSDAQ,,2019-12,2020-08,9
086390,00540447,KOSDAQ,,2019-01,2022-03,39
086710,00132202,KOSDAQ,,2021-01,2024-10,8
086820,00560982,KOSDAQ,,2019-01,2021-01,25
086890,00526872,KOSDAQ,,2021-03,2021-12,10
086900,00580199,KOSDAQ,,2019-01,2026-06,90
086960,00445841,KOSDAQ,,2022-12,2024-06,19
086980,00303794,KOSDAQ,,2021-04,2023-01,18
087010,00415868,KOSDAQ,,2019-01,2026-06,64
087260,00556615,KOSDAQ,,2020-05,2021-03,11
087730,00496225,KOSDAQ,,2019-01,2020-03,15
088280,00561723,KOSDAQ,,2023-12,2024-01,2
088340,00407294,KOSDAQ,,2024-08,2025-09,9
088800,00556907,KOSDAQ,,2019-01,2022-08,44
088980,00435297,KOSPI,,2019-01,2026-06,90
089010,00371485,KOSDAQ,,2020-01,2026-06,43
089030,00535676,KOSDAQ,,2024-04,2026-06,27
089140,00416414,KOSDAQ,,2021-08,2023-02,12
089150,00441447,KOSDAQ,,2021-04,2025-11,10
089590,00555874,KOSPI,,2019-01,2020-07,19
089860,00545716,KOSPI,,2021-08,2022-11,16
089890,00365934,KOSDAQ,,2021-08,2024-09,17
089970,00544577,KOSDAQ,,2026-06,2026-06,1
089980,00181299,KOSDAQ,,2019-01,2023-08,56
090080,00573579,KOSPI,,2019-01,2025-07,7
090360,00536523,KOSDAQ,,2022-02,2026-06,36
090410,00454937,KOSDAQ,,2022-06,2023-02,9
090460,00447609,KOSPI,,2019-01,2026-06,90
090710,00540429,KOSDAQ,,2019-01,2026-06,61
091120,00541163,KOSDAQ,,2019-01,2019-09,9
091580,00480783,KOSDAQ,,2023-04,2023-10,7
091590,00108001,KOSDAQ,,2019-01,2020-08,11
091700,00490151,KOSDAQ,,2019-05,2021-06,26
091810,00671376,KOSPI,,2024-10,2025-04,7
091990,00554024,KOSDAQ,,2019-01,2023-12,60
092040,00545734,KOSDAQ,,2019-01,2022-08,44
092190,00488402,KOSDAQ,,2020-05,2021-03,11
092200,00112165,KOSPI,,2025-12,2026-06,7
092220,00589127,KOSPI,,2019-05,2024-07,47
092300,00367455,KOSDAQ,,2021-05,2021-11,7
092460,00528515,KOSDAQ,,2025-10,2026-02,5
092600,00537337,KOSDAQ,,2019-01,2019-05,5
092790,00220613,KOSPI,,2023-08,2026-06,32
092870,00611736,KOSDAQ,,2024-03,2025-04,14
093230,00480950,KOSPI,,2019-07,2023-07,28
093380,00155373,KOSDAQ,,2019-01,2019-07,7
093520,00596677,KOSDAQ,,2025-08,2025-12,5
093640,00536888,KOSDAQ,,2023-03,2023-12,10
094170,00695969,KOSDAQ,,2023-07,2025-06,24
094360,00579971,KOSDAQ,,2022-01,2025-09,39
094480,00587457,KOSDAQ,,2021-03,2026-05,40
094820,00485177,KOSDAQ,,2021-07,2023-01,19
094940,00537832,KOSDAQ,,2019-01,2020-08,20
095190,00526951,KOSDAQ,,2019-01,2021-03,27
095340,00572905,KOSDAQ,,2023-06,2026-06,37
095500,00526836,KOSDAQ,,2022-01,2025-03,39
095610,00524421,KOSDAQ,,2019-01,2026-06,48
095660,00628860,KOSDAQ,,2021-10,2025-02,41
095700,00545929,KOSDAQ,,2019-01,2023-08,56
095720,00628189,KOSPI,,2019-12,2021-09,12
096040,00480756,KOSDAQ,,2021-02,2023-07,19
096300,00626710,KOSPI,,2022-11,2023-01,3
096530,00788773,KOSDAQ,,2019-01,2026-06,90
096610,00516246,KOSDAQ,,2019-01,2024-01,17
096630,00573269,KOSDAQ,,2019-01,2019-05,5
097230,00633835,KOSPI,,2019-01,2026-06,14
097520,00564562,KOSPI,,2019-12,2022-10,35
097780,00562360,KOSDAQ,,2019-12,2021-06,19
097870,00367385,KOSDAQ,,2022-03,2022-10,8
098070,00404941,KOSDAQ,,2025-03,2026-06,16
098460,00579999,KOSDAQ,,2019-01,2026-06,90
099190,00550994,KOSDAQ,,2023-08,2025-04,21
099220,00574611,KOSDAQ,,2019-12,2022-12,23
099320,00449254,KOSDAQ,,2021-01,2026-06,17
099430,00636656,KOSDAQ,,2021-09,2024-03,31
099440,00580056,KOSDAQ,,2023-09,2026-06,22
099750,00490090,KOSDAQ,,2019-03,2019-06,4
100090,00480367,KOSPI,,2020-09,2026-06,70
100130,00415594,KOSDAQ,,2020-07,2021-05,11
100590,00364740,KOSDAQ,,2019-01,2026-06,25
100660,00166528,KOSDAQ,,2019-01,2023-01,17
100700,00362201,KOSDAQ,,2021-01,2021-06,6
100790,00340096,KOSDAQ,,2019-03,2026-06,16
101140,00652423,KOSPI,,2019-01,2019-04,4
101170,00567222,KOSDAQ,,2022-06,2026-06,18
101360,00619640,KOSDAQ,,2020-07,2026-03,55
101490,00411048,KOSDAQ,,2020-02,2026-06,65
101670,00527491,KOSDAQ,,2022-09,2026-06,41
101730,00643656,KOSDAQ,,2021-11,2023-07,21
102120,00591441,KOSDAQ,,2024-01,2024-11,11
102280,00681142,KOSPI,,2021-06,2022-10,17
102370,00668600,KOSDAQ,,2022-01,2023-04,16
102460,00145598,KOSPI,,2021-05,2022-02,10
102710,00530185,KOSDAQ,,2019-01,2022-08,44
102940,00525642,KOSDAQ,,2019-01,2020-08,20
103590,00683469,KOSPI,,2024-03,2026-06,28
103840,00486875,KOSDAQ,,2019-11,2025-12,12
104040,00442905,KOSDAQ,,2020-11,2021-06,8
104200,00645089,KOSDAQ,,2021-12,2022-08,9
104480,00693554,KOSDAQ,,2019-01,2022-11,38
104620,00632845,KOSDAQ,,2019-01,2019-04,4
105740,00533003,KOSDAQ,,2019-01,2019-09,9
105760,00862312,KOSDAQ,,2024-01,2024-06,6
105840,00173944,KOSPI,,2021-07,2026-06,42
106240,00755739,KOSDAQ,,2021-08,2022-10,15
107600,00862880,KOSDAQ,,2022-08,2026-02,21
107640,00474588,KOSDAQ,,2024-06,2026-06,25
108230,00531917,KOSDAQ,,2019-01,2021-04,28
108320,00525934,KOSPI,,2021-06,2026-06,61
108490,00946030,KOSDAQ,,2019-01,2026-06,58
108860,00666064,KOSDAQ,,2022-01,2026-06,49
109080,00660291,KOSDAQ,,2021-07,2022-01,7
109610,00535481,KOSDAQ,,2020-12,2025-06,37
109670,00492706,KOSDAQ,,2023-12,2024-09,10
109820,00552992,KOSDAQ,,2020-07,2022-10,28
110020,00632793,KOSDAQ,,2019-01,2019-07,7
111380,00367710,KOSPI,,2023-11,2024-03,5
111710,00245694,KOSDAQ,,2019-01,2020-07,19
111870,00125965,KOSDAQ,,2019-01,2020-05,17
112040,00444329,KOSDAQ,,2019-01,2026-06,90
112290,00619507,KOSDAQ,,2022-08,2026-06,38
114190,00100601,KOSDAQ,,2022-11,2026-06,41
114450,00532059,KOSDAQ,,2019-12,2021-09,16
114570,00673976,KOSDAQ,,2019-01,2020-01,13
115440,00664048,KOSDAQ,,2019-10,2026-06,13
115450,00552859,KOSDAQ,,2019-01,2025-08,74
115500,00441650,KOSDAQ,,2024-12,2025-07,8
117580,00787376,KOSPI,,2022-02,2026-06,34
117670,00605124,KOSDAQ,,2019-01,2019-09,9
117730,00867098,KOSDAQ,,2019-01,2026-06,40
118000,00791209,KOSPI,,2020-08,2020-12,5
118990,00876908,KOSDAQ,,2020-04,2025-02,42
119650,00797364,KOSPI,,2019-04,2021-03,8
119850,00626464,KOSDAQ,,2025-04,2026-06,15
120030,00796994,KOSPI,,2022-08,2022-11,4
120240,00250997,KOSDAQ,,2020-08,2021-02,7
121600,00439965,KOSDAQ,,2020-09,2026-06,62
121800,00693651,KOSDAQ,,2019-11,2023-04,42
121850,00807397,KOSDAQ,,2022-01,2023-07,19
122350,00799177,KOSDAQ,,2019-01,2023-03,21
122450,00657987,KOSDAQ,,2020-12,2021-09,10
122870,00613318,KOSDAQ,,2019-01,2026-06,90
122990,00759294,KOSDAQ,,2019-01,2021-02,26
123040,00259545,KOSDAQ,,2019-09,2021-06,22
123260,00671437,KOSDAQ,,2019-01,2019-05,5
123410,00803425,KOSDAQ,,2024-04,2025-01,10
123420,00815767,KOSDAQ,,2019-01,2020-01,8
123690,00823429,KOSPI,,2019-01,2020-12,17
124500,00620868,KOSDAQ,,2025-06,2026-06,13
124560,00562245,KOSDAQ,,2019-12,2023-01,13
125020,00381756,KOSDAQ,,2025-05,2025-08,4
125210,00611912,KOSDAQ,,2019-03,2024-01,16
125490,00683061,KOSDAQ,,2025-08,2026-06,11
126560,00403632,KOSPI,,2021-04,2021-05,2
126700,00825959,KOSDAQ,,2022-02,2025-05,40
126720,00193328,KOSPI,,2022-08,2023-04,9
126870,00638539,KOSDAQ,,2019-01,2019-10,10
126880,00442154,KOSDAQ,,2019-01,2021-03,21
127120,00642541,KOSDAQ,,2020-09,2021-01,5
127980,00527002,KOSDAQ,,2023-02,2023-07,6
128540,00870481,KOSDAQ,,2019-01,2022-12,18
128660,00829380,KOSDAQ,,2022-03,2022-05,3
128820,00828789,KOSPI,,2022-06,2026-06,13
129890,01207716,KOSDAQ,,2020-12,2021-03,4
129920,00577335,KOSDAQ,,2022-08,2023-06,11
130500,00491938,KOSDAQ,,2021-07,2022-04,10
130660,00194947,KOSPI,,2021-06,2026-06,41
131220,00608316,KOSDAQ,,2020-11,2021-07,9
131370,00838962,KOSDAQ,,2019-06,2022-03,34
131390,00785475,KOSDAQ,,2021-09,2022-10,14
131400,00533924,KOSDAQ,,2022-10,2026-06,36
131970,00563545,KOSDAQ,,2020-08,2026-06,71
133750,00807555,KOSDAQ,,2019-10,2021-09,21
133820,00661847,KOSPI,,2019-01,2019-09,9
136150,00488244,KOSDAQ,,2025-05,2025-12,8
136410,00922304,KOSDAQ,,2022-02,2022-09,8
136480,00857727,KOSDAQ,,2019-09,2024-09,33
136510,00763358,KOSDAQ,,2021-11,2022-05,7
137400,00612294,KOSDAQ,,2023-04,2026-06,39
137940,00614593,KOSDAQ,,2021-06,2021-08,3
137950,00664853,KOSDAQ,,2019-10,2022-12,18
138080,00571483,KOSDAQ,,2019-01,2026-06,29
138490,00241005,KOSPI,,2021-10,2022-12,15
139670,00535375,KOSDAQ,,2021-02,2022-02,13
139990,00486705,KOSPI,,2021-08,2022-01,6
140410,00808022,KOSDAQ,,2019-01,2026-06,90
140670,00858124,KOSDAQ,,2022-05,2024-08,12
141020,00812362,KOSDAQ,,2019-01,2020-04,16
141080,00842619,KOSDAQ,,2019-01,2026-06,90
142280,00513948,KOSDAQ,,2020-05,2022-09,14
142760,00587925,KOSDAQ,,2021-09,2022-09,13
143160,00883980,KOSDAQ,,2019-01,2020-09,21
144510,01010642,KOSDAQ,,2019-01,2023-08,46
144620,00652159,KOSPI,,2019-01,2019-04,4
145170,00305941,KOSDAQ,,2024-05,2025-05,13
145210,00453488,KOSPI,,2023-05,2023-12,8
146060,00495633,KOSDAQ,,2023-09,2023-11,3
147830,00899556,KOSDAQ,,2019-01,2025-05,15
148150,00913689,KOSDAQ,,2019-07,2020-10,16
148930,00885906,KOSDAQ,,2022-08,2022-12,5
150840,00661157,KOSDAQ,,2019-04,2022-04,21
151860,00366137,KOSDAQ,,2021-06,2024-04,35
152550,00907013,KOSPI,,2023-05,2024-10,18
153710,00971726,KOSDAQ,,2019-01,2019-11,11
153890,00577593,KOSDAQ,,2026-06,2026-06,1
154030,00867478,KOSDAQ,,2019-01,2019-11,11
158430,00595182,KOSDAQ,,2025-01,2026-06,18
160190,00650771,KOSDAQ,,2024-06,2026-06,25
160600,00818472,KOSDAQ,,2019-08,2020-01,6
161000,00936787,KOSPI,,2023-04,2026-06,39
161580,00938721,KOSDAQ,,2023-07,2026-06,36
162300,00958664,KOSDAQ,,2022-12,2023-03,4
163280,01663116,KOSDAQ,,2024-11,2025-08,10
163730,01142075,KOSDAQ,,2021-01,2026-02,22
166090,00660750,KOSDAQ,,2019-01,2026-06,90
170030,00164502,KOSDAQ,,2020-10,2021-05,8
171090,00327819,KOSDAQ,,2021-05,2025-06,50
173130,00867849,KOSDAQ,,2019-01,2019-08,8
174880,00659684,KOSDAQ,,2020-01,2020-05,5
174900,00991191,KOSDAQ,,2019-01,2026-06,31
175250,00554352,KOSDAQ,,2019-01,2022-02,38
176750,00867034,KOSDAQ,,2025-01,2025-05,5
177350,00813389,KOSDAQ,,2022-05,2023-03,11
177900,00870065,KOSDAQ,,2024-12,2025-09,10
178320,00838005,KOSDAQ,,2019-01,2026-06,90
179290,00531829,KOSDAQ,,2019-01,2023-07,25
179900,00961774,KOSDAQ,,2019-01,2020-07,19
180400,00995993,KOSDAQ,,2019-01,2019-04,4
18064K,,KOSPI,,2019-04,2020-08,17
181710,00983271,KOSPI,,2019-04,2021-04,25
182360,00985686,KOSDAQ,,2019-01,2019-06,6
182400,00977650,KOSDAQ,,2021-10,2024-05,32
183300,00997812,KOSDAQ,,2025-09,2026-06,10
183490,00606886,KOSDAQ,,2019-01,2022-05,41
185490,00945457,KOSDAQ,,2021-05,2022-03,11
187660,01409022,KOSDAQ,,2021-06,2026-06,14
189300,00664181,KOSDAQ,,2026-03,2026-06,4
189690,00939942,KOSDAQ,,2023-12,2024-03,4
189860,00869272,KOSDAQ,,2019-01,2022-09,18
189980,00916516,KOSDAQ,,2021-03,2021-05,3
190510,00819374,KOSDAQ,,2022-12,2024-05,13
190650,00304915,KOSDAQ,,2019-11,2020-02,4
192250,01003040,KOSDAQ,,2019-04,2022-06,21
192440,00917861,KOSDAQ,,2019-04,2020-12,21
192650,00415646,KOSPI,,2019-04,2021-02,23
193250,01035678,KOSDAQ,,2019-01,2022-07,14
194480,01008762,KOSDAQ,,2021-03,2026-05,63
195500,00770312,KOSDAQ,,2019-08,2020-10,10
195870,01032413,KOSPI,,2022-06,2026-06,49
195940,01012066,KOSDAQ,,2021-08,2026-06,59
195990,00620558,KOSDAQ,,2020-11,2022-01,15
196450,01031502,KOSDAQ,,2019-01,2019-06,6
196490,00660121,KOSDAQ,,2019-01,2021-02,26
196700,00864338,KOSDAQ,,2022-03,2022-05,3
198440,01032583,KOSDAQ,,2019-01,2022-08,24
198940,00156600,KOSDAQ,,2023-01,2023-07,7
199430,00672603,KOSDAQ,,2024-03,2026-04,13
199480,01138595,KOSDAQ,,2024-08,2025-04,9
199550,01161432,KOSDAQ,,2024-02,2025-06,9
199730,01110058,KOSDAQ,,2023-03,2023-06,4
199820,00148470,KOSDAQ,,2024-06,2026-06,25
200130,01032404,KOSDAQ,,2020-08,2021-12,17
200230,00608802,KOSDAQ,,2019-01,2021-05,29
200350,00990819,KOSDAQ,,2021-12,2025-07,18
200470,00667425,KOSDAQ,,2024-04,2024-11,8
200670,00614478,KOSDAQ,,2021-06,2021-10,5
200710,00657002,KOSDAQ,,2019-01,2025-04,41
200780,00256043,KOSDAQ,,2020-03,2021-02,12
200880,01036446,KOSPI,,2023-05,2025-05,25
201490,00965813,KOSDAQ,,2021-12,2026-06,18
203400,00977377,KOSDAQ,,2021-09,2021-12,4
203650,01038693,KOSDAQ,,2021-04,2026-06,14
203690,01036367,KOSDAQ,,2019-01,2020-10,22
204270,00447575,KOSDAQ,,2020-03,2026-06,36
204610,00609661,KOSDAQ,,2022-11,2023-06,8
204630,01046203,KOSDAQ,,2021-11,2022-01,3
205470,01042979,KOSDAQ,,2020-04,2025-08,65
206560,01021949,KOSDAQ,,2019-01,2023-04,38
206640,01046708,KOSDAQ,,2020-02,2022-04,27
206650,00927558,KOSDAQ,,2020-08,2023-06,35
207760,01047840,KOSDAQ,,2019-08,2025-11,28
208140,01047415,KOSDAQ,,2019-01,2019-11,11
208340,00972293,KOSDAQ,,2019-01,2021-03,27
208370,01047451,KOSDAQ,,2023-04,2024-02,11
208710,01047707,KOSDAQ,,2021-07,2022-08,14
209640,01023211,KOSDAQ,,2024-10,2025-05,8
211270,00874803,KOSDAQ,,2021-02,2023-07,20
212710,01208751,KOSDAQ,,2025-02,2026-02,13
213420,01061558,KOSDAQ,,2025-09,2026-06,10
214150,01061327,KOSDAQ,,2022-03,2026-06,52
214270,01061497,KOSDAQ,,2019-06,2022-05,12
214330,00105606,KOSPI,,2020-09,2022-08,24
214370,00549891,KOSDAQ,,2025-09,2026-06,10
214390,00101664,KOSPI,,2021-01,2021-05,5
214420,00816544,KOSPI,,2019-01,2025-12,20
214450,00970453,KOSDAQ,,2024-06,2026-06,25
214610,01049167,KOSDAQ,,2022-06,2022-11,6
214680,01062867,KOSDAQ,,2019-07,2025-03,35
214870,00820389,KOSDAQ,,2020-06,2021-03,10
215100,01063990,KOSDAQ,,2019-04,2026-06,49
215200,01074862,KOSDAQ,,2019-01,2020-07,19
215360,01077577,KOSDAQ,,2019-01,2019-10,10
215380,01065013,KOSDAQ,,2020-02,2021-02,13
215480,01064069,KOSDAQ,,2019-01,2021-07,20
215600,00919966,KOSDAQ,,2019-01,2025-02,47
215790,01065679,KOSDAQ,,2026-06,2026-06,1
216080,01222867,KOSDAQ,,2019-11,2020-12,14
217480,01099667,KOSDAQ,,2019-01,2019-06,6
217500,01068348,KOSDAQ,,2021-01,2021-06,6
217590,00949161,KOSPI,,2025-12,2026-06,7
217600,01070857,KOSDAQ,,2020-08,2022-11,28
217730,01025644,KOSDAQ,,2019-01,2021-02,26
217820,01020843,KOSDAQ,,2023-08,2023-12,5
218150,01071944,KOSDAQ,,2022-02,2024-12,30
218410,01078178,KOSDAQ,,2019-01,2026-06,90
219420,01109955,KOSDAQ,,2019-07,2019-12,6
219550,01089378,KOSDAQ,,2023-07,2023-09,3
220100,01053540,KOSDAQ,,2024-08,2026-03,20
220260,01089350,KOSDAQ,,2019-07,2023-07,39
221610,00493431,KOSDAQ,,2021-05,2021-09,5
221800,01026616,KOSDAQ,,2023-12,2024-01,2
222080,01090471,KOSDAQ,,2020-04,2026-06,67
222800,01095722,KOSDAQ,,2020-09,2026-06,70
222810,01091382,KOSDAQ,,2019-12,2023-11,15
222980,00579139,KOSDAQ,,2022-06,2022-07,2
223250,00916826,KOSDAQ,,2020-06,2020-08,3
224110,01099861,KOSDAQ,,2020-08,2022-01,18
225190,00992543,KOSDAQ,,2024-10,2025-03,6
225220,01062177,KOSDAQ,,2020-08,2020-12,5
225430,01095704,KOSDAQ,,2019-01,2020-10,18
225530,00568461,KOSDAQ,,2019-01,2019-04,4
225570,01096341,KOSDAQ,,2019-01,2025-10,60
226330,01344336,KOSDAQ,,2019-12,2024-05,28
226360,01097906,KOSDAQ,,2023-01,2023-03,3
226440,01101722,KOSDAQ,,2019-01,2019-09,9
226590,01022142,KOSDAQ,,2025-03,2026-06,16
226950,01113718,KOSDAQ,,2019-01,2026-06,55
227950,01105621,KOSDAQ,,2020-11,2021-06,8
228670,00828761,KOSDAQ,,2019-08,2020-10,15
228760,01108248,KOSDAQ,,2019-04,2025-05,42
229000,01051472,KOSDAQ,,2020-06,2020-10,5
229640,01093007,KOSPI,,2023-08,2026-06,35
230240,01108442,KOSDAQ,,2019-05,2024-01,33
230360,01029394,KOSDAQ,,2019-05,2021-12,32
232140,01109539,KOSDAQ,,2024-01,2026-06,30
232830,01113499,KOSDAQ,,2023-06,2023-11,6
234030,00874168,KOSDAQ,,2025-07,2026-03,9
234100,00617998,KOSDAQ,,2019-01,2021-07,10
234300,01014055,KOSDAQ,,2019-01,2019-04,4
234340,00763701,KOSDAQ,,2019-07,2026-06,25
234690,01135057,KOSDAQ,,2019-10,2021-02,17
234920,01020524,KOSDAQ,,2023-05,2023-11,7
235980,01336373,KOSDAQ,,2019-12,2022-11,36
236200,01124653,KOSDAQ,,2019-01,2020-09,21
236810,01051065,KOSDAQ,,2021-01,2023-04,16
237690,00871833,KOSDAQ,,2020-08,2026-06,71
237880,00957735,KOSDAQ,,2019-01,2020-07,19
238090,00942131,KOSDAQ,,2019-01,2021-07,31
238200,01109070,KOSDAQ,,2019-01,2019-06,6
239340,01128622,KOSDAQ,,2019-06,2023-04,24
240550,01073261,KOSDAQ,,2025-02,2025-10,9
241520,01109715,KOSDAQ,,2021-05,2026-06,18
241820,01051092,KOSDAQ,,2020-03,2021-10,20
241840,00975290,KOSDAQ,,2019-07,2020-06,12
242040,01136348,KOSDAQ,,2019-05,2023-10,17
243070,01159853,KOSDAQ,,2021-04,2021-09,6
244460,01070149,KOSDAQ,,2019-09,2020-09,13
245620,01182550,KOSDAQ,,2020-03,2022-12,23
246690,00778235,KOSDAQ,,2021-04,2022-11,8
246710,01109937,KOSDAQ,,2019-04,2019-12,9
247660,00660459,KOSDAQ,,2021-10,2022-12,15
248070,01159233,KOSPI,,2021-02,2026-06,65
249420,01168383,KOSPI,,2021-12,2026-06,38
250000,01124680,KOSDAQ,,2023-08,2023-10,3
250060,01165155,KOSDAQ,,2023-08,2025-02,19
252500,01169267,KOSDAQ,,2019-01,2019-03,3
252990,01199727,KOSDAQ,,2021-05,2021-10,6
253450,01168684,KOSDAQ,,2019-01,2026-04,88
253590,01170865,KOSDAQ,,2023-12,2026-06,31
253840,01063954,KOSDAQ,,2019-05,2023-02,41
254490,00299844,KOSDAQ,,2023-01,2024-05,17
255220,00963976,KOSDAQ,,2024-07,2026-06,24
256150,01069736,KOSDAQ,,2019-09,2019-11,3
256840,01179617,KOSDAQ,,2021-03,2025-03,40
257370,01144569,KOSDAQ,,2019-01,2019-05,5
257720,00982023,KOSDAQ,,2021-09,2026-06,46
258790,01182408,KOSDAQ,,2021-01,2021-02,2
258830,00959229,KOSDAQ,,2021-12,2023-06,19
260660,00447007,KOSDAQ,,2019-12,2020-09,10
260930,01144028,KOSDAQ,,2025-09,2025-11,3
261520,01211889,KOSDAQ,,2025-12,2026-04,5
261780,01141599,KOSDAQ,,2021-11,2026-06,12
262260,00604268,KOSDAQ,,2020-08,2020-11,4
262840,01146822,KOSDAQ,,2021-02,2021-04,3
263050,01110678,KOSDAQ,,2019-01,2023-02,35
263540,00971090,KOSDAQ,,2019-06,2020-02,9
263690,00966168,KOSDAQ,,2019-01,2019-11,11
263720,01186404,KOSDAQ,,2023-01,2023-03,3
263800,00877819,KOSDAQ,,2019-01,2023-04,4
264850,01199189,KOSDAQ,,2023-10,2025-05,20
265520,01203808,KOSDAQ,,2019-01,2025-04,51
265560,00659976,KOSDAQ,,2021-08,2022-06,11
267320,01208849,KOSDAQ,,2020-10,2026-06,34
267850,00458234,KOSPI,,2019-05,2024-07,29
268600,01182444,KOSDAQ,,2019-01,2023-04,52
269620,01188378,KOSDAQ,,2020-10,2022-03,18
270520,01228515,KOSDAQ,,2022-12,2024-09,22
270660,01201590,KOSDAQ,,2022-02,2026-03,43
270870,01214248,KOSDAQ,,2019-01,2019-11,11
271980,01236897,KOSPI,,2019-01,2021-06,17
272110,00769158,KOSDAQ,,2019-12,2020-01,2
272290,01237540,KOSDAQ,,2019-01,2026-06,90
273640,01215618,KOSDAQ,,2021-10,2022-01,4
274090,01158553,KOSDAQ,,2026-01,2026-06,6
274400,00965318,KOSDAQ,,2023-07,2024-02,8
276040,01290248,KOSDAQ,,2022-02,2023-04,15
276730,01230255,KOSDAQ,,2021-05,2022-05,8
277410,01243161,KOSDAQ,,2023-08,2023-11,4
277810,01261644,KOSDAQ,,2021-02,2026-06,51
277880,01139035,KOSDAQ,,2023-05,2023-09,5
278280,00897752,KOSDAQ,,2019-02,2024-12,71
278650,01189438,KOSDAQ,,2019-11,2024-09,38
279570,01203312,KOSPI,,2026-03,2026-06,4
281740,01255652,KOSDAQ,,2023-04,2026-06,39
282720,00872656,KOSDAQ,,2023-03,2025-02,19
284620,01263527,KOSDAQ,,2020-07,2020-12,6
28513K,,KOSPI,,2020-06,2021-05,12
285490,01259232,KOSDAQ,,2019-01,2019-10,8
285800,00816933,KOSDAQ,,2023-06,2024-05,12
286750,01136001,KOSDAQ,,2019-08,2019-12,5
286940,01262032,KOSPI,,2019-01,2024-11,23
287840,01374443,KOSDAQ,,2025-05,2026-06,14
288180,01101254,KOSDAQ,,2026-05,2026-06,2
288330,01227039,KOSDAQ,,2020-01,2025-10,19
288620,01257872,KOSDAQ,,2019-01,2020-11,13
288980,01423837,KOSDAQ,,2022-11,2023-12,14
289010,00983934,KOSDAQ,,2020-03,2020-12,10
289080,00599151,KOSDAQ,,2019-01,2021-05,20
289220,01264438,KOSDAQ,,2021-03,2023-05,27
289930,01270749,KOSDAQ,,2024-10,2025-08,11
290090,01217014,KOSDAQ,,2021-11,2022-05,7
290120,01182578,KOSDAQ,,2019-01,2019-10,10
290380,00384948,KOSDAQ,,2019-01,2019-07,7
290510,00540340,KOSDAQ,,2019-11,2021-11,25
290550,01137903,KOSDAQ,,2019-01,2019-06,6
290650,01181515,KOSDAQ,,2019-01,2026-06,20
290670,01259418,KOSDAQ,,2019-01,2024-01,19
290690,00605522,KOSDAQ,,2020-11,2026-06,43
291230,01276901,KOSDAQ,,2021-06,2023-06,25
291650,01265251,KOSDAQ,,2020-09,2021-03,7
291810,01524507,KOSDAQ,,2022-10,2023-07,10
293480,00248974,KOSPI,,2019-01,2019-09,9
293490,01137383,KOSDAQ,,2020-09,2026-06,70
293580,00651017,KOSDAQ,,2025-06,2025-07,2
293780,01251595,KOSDAQ,,2019-06,2023-02,45
294090,01274310,KOSDAQ,,2020-09,2025-04,37
294140,01011395,KOSDAQ,,2020-02,2023-12,20
294570,01311055,KOSDAQ,,2021-04,2026-03,23
294630,00867973,KOSDAQ,,2020-02,2024-07,17
294870,01310269,KOSPI,,2019-01,2026-06,76
295310,01011368,KOSDAQ,,2024-06,2026-06,25
296640,01341630,KOSDAQ,,2022-10,2023-04,7
297090,00765462,KOSDAQ,,2019-11,2024-02,22
297570,01309795,KOSDAQ,,2021-04,2021-07,4
297890,00523936,KOSDAQ,,2024-07,2025-03,9
298000,01316236,KOSPI,,2021-04,2022-05,14
298060,01110474,KOSDAQ,,2020-06,2021-04,11
298380,01256864,KOSDAQ,,2019-01,2026-06,90
298690,00651901,KOSPI,,2019-01,2020-07,19
298830,01012640,KOSDAQ,,2023-05,2026-06,33
298870,00682992,KOSDAQ,,2022-12,2023-04,5
299030,00601191,KOSDAQ,,2020-11,2024-10,31
299660,01235296,KOSDAQ,,2019-02,2025-11,59
299900,01276327,KOSDAQ,,2019-01,2024-05,56
299910,01259056,KOSDAQ,,2019-01,2019-05,5
300080,01237434,KOSDAQ,,2019-07,2020-02,8
300120,01251489,KOSDAQ,,2019-10,2020-09,12
302430,01258710,KOSDAQ,,2019-01,2019-09,9
303030,01318933,KOSDAQ,,2021-04,2021-07,4
303530,01264872,KOSDAQ,,2021-07,2022-03,9
303810,01233465,KOSDAQ,,2025-02,2025-05,4
304100,01050738,KOSDAQ,,2020-07,2026-03,36
304360,01258020,KOSDAQ,,2024-04,2025-07,16
304840,01118281,KOSDAQ,,2020-10,2023-08,20
305090,01267967,KOSDAQ,,2019-06,2019-10,5
306040,01222432,KOSDAQ,,2019-11,2020-08,10
306620,01325429,KOSDAQ,,2022-04,2023-06,15
307750,01329957,KOSDAQ,,2021-07,2023-02,20
307930,00598198,KOSDAQ,,2019-05,2020-07,15
308080,01335790,KOSDAQ,,2021-08,2022-08,13
308100,01181807,KOSDAQ,,2025-05,2025-10,6
308170,00450010,KOSPI,,2019-11,2020-09,11
308430,01275489,KOSDAQ,,2024-10,2026-04,19
309710,00914341,KOSDAQ,,2025-08,2026-04,9
309960,00231901,KOSDAQ,,2023-03,2023-05,3
310200,01335578,KOSDAQ,,2021-06,2021-08,3
310210,01327746,KOSDAQ,,2022-06,2026-06,49
311320,00668965,KOSDAQ,,2021-11,2022-05,7
311390,01219155,KOSDAQ,,2019-08,2020-03,8
313760,00863038,KOSDAQ,,2019-07,2019-12,6
314130,01276026,KOSDAQ,,2020-12,2021-05,6
314140,01182259,KOSDAQ,,2022-09,2023-04,8
314930,01117413,KOSDAQ,,2021-03,2025-08,15
315640,01344831,KOSDAQ,,2021-08,2024-08,19
317120,01327092,KOSDAQ,,2019-09,2021-03,14
317320,01351822,KOSDAQ,,2019-05,2019-10,6
317330,01021666,KOSDAQ,,2024-03,2026-06,28
317450,00179489,KOSPI,,2025-10,2026-03,6
317530,01267222,KOSDAQ,,2019-10,2020-03,6
317690,01311286,KOSDAQ,,2020-12,2025-02,11
317770,01231786,KOSDAQ,,2025-04,2025-11,8
317830,00624749,KOSDAQ,,2019-09,2026-03,20
317850,00450995,KOSDAQ,,2019-07,2023-12,26
317870,00964595,KOSDAQ,,2019-10,2020-05,8
318000,00876166,KOSDAQ,,2019-09,2024-01,18
318020,00962393,KOSDAQ,,2020-12,2021-04,5
318060,01565054,KOSDAQ,,2025-08,2026-06,11
318160,01288410,KOSDAQ,,2023-04,2023-06,3
319400,01358463,KOSDAQ,,2023-01,2026-06,26
319660,01365825,KOSDAQ,,2019-05,2026-06,86
320000,01359815,KOSDAQ,,2023-05,2023-10,6
321260,01359736,KOSDAQ,,2019-05,2019-08,4
321370,01593668,KOSDAQ,,2023-07,2026-06,12
321550,01335930,KOSDAQ,,2019-11,2021-03,17
321820,01116502,KOSDAQ,,2021-02,2021-04,3
322000,01199550,KOSPI,,2022-08,2026-06,26
322180,01309388,KOSDAQ,,2019-10,2020-01,4
322510,01153293,KOSDAQ,,2019-12,2025-04,35
322780,01364297,KOSDAQ,,2019-05,2019-07,3
323210,01366365,KOSDAQ,,2019-07,2019-09,3
323230,01384477,KOSDAQ,,2019-06,2019-08,3
323280,01366000,KOSDAQ,,2019-06,2026-06,28
323940,01371312,KOSDAQ,,2019-06,2019-08,3
323990,01335851,KOSDAQ,,2020-09,2025-01,53
327260,01343665,KOSDAQ,,2019-12,2020-04,5
328130,01397620,KOSDAQ,,2022-07,2026-06,48
328380,01390399,KOSDAQ,,2023-07,2023-12,6
330350,00765851,KOSDAQ,,2023-11,2024-02,4
330590,01363818,KOSPI,,2019-10,2020-07,10
330860,01368354,KOSDAQ,,2020-11,2021-04,6
331740,01649620,KOSDAQ,,2025-07,2026-04,10
331920,01114586,KOSDAQ,,2020-08,2021-02,7
332290,01394669,KOSDAQ,,2022-04,2023-09,13
332570,01015160,KOSDAQ,,2020-07,2026-06,16
333430,01396676,KOSDAQ,,2023-07,2025-12,16
333620,01310773,KOSDAQ,,2021-04,2021-11,8
334970,01258428,KOSDAQ,,2021-03,2021-11,9
335810,01137295,KOSDAQ,,2020-12,2021-06,7
335890,01406618,KOSDAQ,,2024-04,2025-11,20
336060,01408999,KOSDAQ,,2023-02,2024-11,7
33626K,,KOSPI,,2019-10,2020-01,4
336370,01412822,KOSPI,,2019-10,2025-06,69
338100,01391033,KOSPI,,2019-12,2020-01,2
338220,01344202,KOSDAQ,,2021-02,2025-06,28
338840,01226234,KOSDAQ,,2023-12,2024-12,13
339770,00453284,KOSPI,,2020-11,2021-01,3
340440,01416572,KOSDAQ,,2022-07,2023-01,7
340450,01432598,KOSDAQ,,2025-06,2025-08,3
340570,00608440,KOSDAQ,,2020-11,2022-05,19
340810,01315042,KOSDAQ,,2023-05,2023-11,7
340930,01368637,KOSDAQ,,2021-04,2023-07,4
342870,01428948,KOSDAQ,,2025-09,2025-11,3
344820,01428203,KOSPI,,2020-01,2020-08,8
344860,01419135,KOSDAQ,,2023-02,2023-04,3
347000,01023318,KOSDAQ,,2020-10,2021-03,6
347700,01336762,KOSDAQ,,2021-03,2026-06,9
347850,01376715,KOSDAQ,,2024-05,2026-06,26
347860,01405451,KOSDAQ,,2020-12,2023-10,25
348030,01210190,KOSDAQ,,2021-01,2021-04,4
348150,01399071,KOSDAQ,,2020-11,2021-05,7
348340,01336461,KOSDAQ,,2022-11,2026-06,29
348350,00925587,KOSDAQ,,2020-10,2021-01,4
348370,01011526,KOSDAQ,,2021-11,2026-06,56
351330,01135640,KOSDAQ,,2024-06,2024-08,3
351870,00909835,KOSDAQ,,2024-09,2025-05,9
352090,01226270,KOSDAQ,,2023-11,2024-02,4
352480,01226410,KOSDAQ,,2021-05,2021-07,3
352700,00875237,KOSDAQ,,2021-01,2021-05,5
352910,00494546,KOSDAQ,,2021-07,2022-03,9
352940,00367871,KOSDAQ,,2020-12,2021-04,5
353200,01478712,KOSPI,,2020-05,2026-06,74
353590,01084294,KOSDAQ,,2022-01,2023-04,16
353810,01480568,KOSDAQ,,2020-06,2022-10,18
354200,01397903,KOSDAQ,,2020-12,2021-05,6
354320,00229030,KOSDAQ,,2023-06,2024-07,14
355390,01514005,KOSDAQ,,2023-08,2025-10,16
355690,01444380,KOSDAQ,,2023-12,2024-07,8
356680,01372782,KOSDAQ,,2023-09,2026-06,31
356860,00920379,KOSDAQ,,2020-12,2026-06,14
356890,01293953,KOSDAQ,,2021-03,2021-05,3
357430,01442966,KOSPI,,2022-05,2022-05,1
357550,00921916,KOSDAQ,,2020-12,2023-11,11
357580,01012987,KOSDAQ,,2021-06,2022-06,13
357880,01381984,KOSDAQ,,2021-11,2023-05,15
358570,01351080,KOSDAQ,,2023-03,2026-06,40
360070,01360875,KOSDAQ,,2022-10,2024-10,25
360350,01493793,KOSDAQ,,2024-02,2024-07,6
361390,01014718,KOSDAQ,,2021-03,2021-05,3
361570,01303029,KOSDAQ,,2021-11,2022-01,3
361670,00405506,KOSDAQ,,2021-05,2021-07,3
362320,01534577,KOSDAQ,,2022-06,2026-01,17
362990,01492688,KOSDAQ,,2024-01,2024-03,3
363250,01437858,KOSDAQ,,2021-05,2021-09,5
364950,01307593,KOSDAQ,,2025-04,2026-01,10
365270,01397772,KOSDAQ,,2021-07,2022-09,11
365330,01135084,KOSDAQ,,2023-11,2026-06,28
365340,01274329,KOSDAQ,,2022-07,2024-10,28
366030,01307335,KOSDAQ,,2022-03,2023-08,18
367000,01454341,KOSDAQ,,2021-08,2022-01,6
368600,01302853,KOSDAQ,,2022-07,2022-12,6
368770,01513440,KOSDAQ,,2026-04,2026-06,3
370090,01357446,KOSDAQ,,2022-02,2022-11,10
371950,00417167,KOSDAQ,,2022-02,2023-01,12
372170,00925374,KOSDAQ,,2022-11,2024-12,26
372320,01492651,KOSDAQ,,2023-11,2025-04,18
372800,01429840,KOSDAQ,,2021-11,2022-04,6
372910,00534598,KOSPI,,2021-08,2022-02,7
373110,01492217,KOSDAQ,,2024-07,2024-12,6
373170,01497142,KOSDAQ,,2023-08,2023-11,4
373200,01514698,KOSDAQ,,2022-05,2023-04,12
376180,00604028,KOSDAQ,,2022-08,2023-10,15
376300,01456011,KOSDAQ,,2021-11,2026-06,43
376900,01335143,KOSDAQ,,2025-05,2026-06,14
376980,01441611,KOSDAQ,,2021-08,2022-07,12
377030,01409095,KOSDAQ,,2021-07,2023-06,24
377220,01217865,KOSDAQ,,2021-09,2025-07,12
377450,01210066,KOSDAQ,,2021-10,2022-01,4
377460,01175499,KOSDAQ,,2022-06,2022-09,4
377480,01297898,KOSDAQ,,2021-11,2026-01,33
377630,01528530,KOSDAQ,,2021-06,2022-11,10
377740,00622787,KOSPI,,2022-12,2023-06,7
378340,01488320,KOSDAQ,,2023-07,2025-05,23
378800,01387164,KOSDAQ,,2022-10,2026-02,26
378850,01532603,KOSPI,,2021-03,2021-03,1
380320,01534522,KOSDAQ,,2021-06,2022-09,7
380540,01506990,KOSDAQ,,2022-12,2023-05,6
380550,01782004,KOSDAQ,,2025-07,2026-06,12
381620,01293485,KOSDAQ,,2024-09,2026-06,18
381970,01323032,KOSPI,,2021-10,2023-09,24
382150,01423916,KOSDAQ,,2024-12,2025-08,9
382480,01311310,KOSDAQ,,2021-10,2023-08,18
382800,00958327,KOSDAQ,,2021-10,2022-02,5
382840,01459212,KOSDAQ,,2021-10,2024-03,30
382900,01435489,KOSDAQ,,2022-06,2026-06,23
383310,01566248,KOSDAQ,,2021-05,2025-07,51
383800,01562589,KOSPI,,2021-05,2021-10,6
384470,01512575,KOSDAQ,,2023-09,2024-06,10
387570,01455410,KOSDAQ,,2024-12,2025-05,6
388050,01462605,KOSDAQ,,2022-05,2026-06,50
388210,01529982,KOSDAQ,,2025-11,2026-06,8
388610,01221752,KOSDAQ,,2025-06,2025-11,6
388720,01152586,KOSDAQ,,2022-03,2026-06,37
388870,01495180,KOSDAQ,,2023-07,2024-06,12
389020,01365038,KOSDAQ,,2023-03,2025-05,27
389140,01513699,KOSDAQ,,2022-04,2026-06,29
389260,01150515,KOSDAQ,,2022-05,2023-08,16
389470,01516456,KOSDAQ,,2022-11,2026-06,35
389500,00567897,KOSDAQ,,2022-10,2026-06,25
389650,01385050,KOSDAQ,,2024-08,2026-06,23
391710,01573284,KOSDAQ,,2022-11,2023-05,7
393210,01436479,KOSDAQ,,2025-04,2025-11,8
393890,01291317,KOSDAQ,,2022-09,2026-06,46
393970,01549472,KOSDAQ,,2025-03,2026-02,12
394280,01571107,KOSDAQ,,2022-09,2025-04,32
394420,01685677,KOSDAQ,,2026-03,2026-06,4
394800,01506617,KOSDAQ,,2024-11,2026-05,19
395400,01535150,KOSPI,,2021-09,2021-12,4
396270,01515864,KOSDAQ,,2022-07,2025-04,34
396300,00534701,KOSDAQ,,2022-06,2023-07,14
396470,00866451,KOSDAQ,,2023-10,2025-05,20
397030,01375822,KOSDAQ,,2022-07,2026-06,30
397810,01551042,KOSDAQ,,2025-09,2025-11,3
399720,01364747,KOSDAQ,,2022-05,2026-06,50
402030,00601988,KOSDAQ,,2022-07,2024-03,21
402490,01370863,KOSDAQ,,2023-11,2025-03,17
403490,01299106,KOSDAQ,,2023-09,2024-03,7
403550,01026157,KOSPI,,2022-08,2023-03,8
403850,01138364,KOSDAQ,,2025-11,2026-03,5
403870,01288827,KOSDAQ,,2022-07,2026-06,48
405000,01575839,KOSDAQ,,2022-10,2023-06,9
405100,01033591,KOSDAQ,,2024-03,2024-08,6
405920,01021639,KOSDAQ,,2023-06,2023-08,3
406820,01147487,KOSDAQ,,2023-08,2023-10,3
407400,01586455,KOSDAQ,,2023-02,2025-08,24
408470,01445024,KOSDAQ,,2026-03,2026-06,4
408900,01139965,KOSDAQ,,2023-02,2025-11,13
411080,01242241,KOSDAQ,,2023-02,2025-11,24
412350,01573381,KOSDAQ,,2022-06,2024-07,18
412540,00528791,KOSDAQ,,2024-04,2024-12,9
413390,01563922,KOSDAQ,,2024-11,2025-06,8
413630,01601222,KOSDAQ,,2025-09,2026-04,8
415380,01540815,KOSDAQ,,2024-02,2024-04,3
415640,01880801,KOSPI,,2024-11,2025-01,3
416180,00761183,KOSDAQ,,2023-11,2026-04,30
417010,01524118,KOSDAQ,,2023-03,2023-12,10
417180,01584934,KOSDAQ,,2022-12,2023-05,6
417200,01528141,KOSDAQ,,2023-12,2026-06,31
417310,01180118,KOSPI,,2022-03,2022-05,3
417790,01134216,KOSDAQ,,2023-05,2023-10,6
417840,01383229,KOSDAQ,,2022-10,2023-08,11
417860,01472930,KOSDAQ,,2023-01,2023-05,5
417970,00657783,KOSDAQ,,2022-10,2023-05,8
418250,01579570,KOSDAQ,,2023-08,2024-03,8
418420,00965512,KOSDAQ,,2023-03,2024-04,14
418470,01467451,KOSDAQ,,2023-09,2024-07,11
418550,00411808,KOSDAQ,,2023-02,2025-05,28
418620,01516890,KOSDAQ,,2024-02,2024-06,5
419050,01526806,KOSDAQ,,2023-02,2024-05,16
419080,01587056,KOSDAQ,,2022-11,2023-07,9
419530,01082418,KOSDAQ,,2022-12,2026-06,28
419540,01506848,KOSDAQ,,2022-11,2023-08,10
420770,00765569,KOSDAQ,,2023-05,2025-04,24
424870,01203659,KOSDAQ,,2025-05,2026-06,14
424960,01555215,KOSDAQ,,2023-08,2024-06,11
424980,00624378,KOSDAQ,,2023-04,2023-09,6
425040,01301252,KOSDAQ,,2023-01,2026-06,23
429270,01284751,KOSDAQ,,2023-09,2023-11,3
430690,01602638,KOSDAQ,,2023-10,2024-02,5
432430,01406265,KOSDAQ,,2023-07,2024-11,17
432470,01402995,KOSDAQ,,2023-12,2024-12,13
432720,01584183,KOSDAQ,,2023-10,2026-06,33
432980,01217795,KOSDAQ,,2025-01,2025-02,2
434480,01583652,KOSDAQ,,2023-05,2023-12,8
435570,01253636,KOSDAQ,,2025-02,2025-08,7
437730,00262266,KOSDAQ,,2024-03,2026-06,23
438700,01605529,KOSDAQ,,2023-07,2023-11,5
439090,01136977,KOSDAQ,,2023-06,2025-08,27
439250,01675227,KOSDAQ,,2022-10,2022-12,3
439260,00182696,KOSPI,,2025-08,2026-06,11
439580,01559637,KOSDAQ,,2023-12,2026-01,22
439960,01802928,KOSDAQ,,2026-05,2026-06,2
440110,01292291,KOSDAQ,,2023-08,2026-06,26
440290,00309460,KOSDAQ,,2024-01,2024-03,3
440320,01585155,KOSDAQ,,2023-06,2024-02,9
441270,01686755,KOSDAQ,,2025-07,2026-06,12
443670,01381391,KOSDAQ,,2024-02,2025-04,15
444530,01590980,KOSDAQ,,2025-03,2025-10,8
445090,01540453,KOSDAQ,,2023-11,2025-08,22
445180,01027828,KOSDAQ,,2023-10,2024-06,9
445680,01498974,KOSDAQ,,2023-08,2026-06,35
446070,01702017,KOSPI,,2023-01,2023-08,8
446540,00923516,KOSDAQ,,2023-11,2024-06,8
448280,01218299,KOSDAQ,,2023-11,2024-06,8
448710,00959210,KOSDAQ,,2023-09,2024-12,16
448900,00765897,KOSDAQ,,2025-04,2026-06,15
450140,01712485,KOSPI,,2023-01,2025-12,12
45014K,,KOSPI,,2023-02,2023-04,3
450520,01222113,KOSDAQ,,2023-09,2024-03,7
450940,01706819,KOSDAQ,,2023-08,2023-08,1
450950,01590528,KOSDAQ,,2025-01,2025-08,8
451220,01546101,KOSDAQ,,2023-10,2024-10,13
451250,01283974,KOSDAQ,,2024-04,2024-12,9
451760,01685251,KOSDAQ,,2023-11,2024-07,9
452160,01309421,KOSDAQ,,2023-11,2024-01,3
452190,00607496,KOSDAQ,,2024-01,2025-08,20
452200,01689035,KOSDAQ,,2024-05,2024-12,8
452260,01722437,KOSPI,,2023-03,2026-06,12
45226K,,KOSPI,,2023-04,2023-06,3
452280,00958451,KOSDAQ,,2023-11,2025-04,14
452300,01497124,KOSDAQ,,2023-11,2024-04,6
452400,00338170,KOSDAQ,,2024-02,2024-05,4
452430,01676642,KOSDAQ,,2024-02,2024-11,10
452450,01429220,KOSDAQ,,2025-02,2026-02,13
453450,01299203,KOSDAQ,,2024-06,2025-01,8
453860,01538528,KOSDAQ,,2023-11,2024-02,4
455180,01638387,KOSDAQ,,2025-06,2025-12,7
455900,01592049,KOSDAQ,,2024-03,2025-06,16
455910,01725577,KOSDAQ,,2023-07,2023-08,2
456010,01373709,KOSDAQ,,2024-05,2026-06,26
456070,01544468,KOSDAQ,,2024-08,2025-05,10
456160,01577952,KOSDAQ,,2025-08,2026-06,11
456490,01760640,KOSDAQ,,2023-08,2023-09,2
457370,01016309,KOSDAQ,,2024-10,2025-02,5
457550,01030503,KOSDAQ,,2024-01,2026-06,30
457600,01453944,KOSDAQ,,2024-12,2025-06,7
458650,00319272,KOSDAQ,,2024-10,2025-05,8
458870,01514227,KOSDAQ,,2024-06,2024-11,6
459100,01445440,KOSDAQ,,2024-11,2025-03,5
459510,01594791,KOSDAQ,,2025-05,2026-06,14
459550,01466373,KOSDAQ,,2025-11,2026-04,6
460470,01678312,KOSDAQ,,2024-08,2025-03,8
460850,01765256,KOSPI,,2023-06,2023-09,4
460860,01765265,KOSPI,,2023-06,2024-12,19
460870,01142260,KOSDAQ,,2025-05,2025-09,5
460930,00667373,KOSDAQ,,2024-01,2026-06,27
460940,01419205,KOSDAQ,,2024-07,2024-11,5
461030,01497373,KOSDAQ,,2024-04,2025-05,14
461300,00657224,KOSDAQ,,2024-08,2025-01,6
462020,01767494,KOSDAQ,,2023-10,2023-12,3
462310,01467503,KOSDAQ,,2025-07,2025-11,5
462350,01700587,KOSDAQ,,2024-07,2026-06,15
462510,01504211,KOSDAQ,,2024-06,2024-12,7
462520,01770203,KOSPI,,2023-07,2024-01,7
462860,01563667,KOSDAQ,,2025-04,2026-04,13
462870,01384787,KOSPI,,2024-07,2026-03,21
463020,01639508,KOSDAQ,,2025-07,2025-12,6
463480,00367400,KOSDAQ,,2025-02,2026-01,12
464080,01686427,KOSDAQ,,2024-06,2026-06,25
464280,01232192,KOSDAQ,,2024-08,2025-02,7
464490,01671285,KOSDAQ,,2025-12,2026-04,5
464500,01706794,KOSDAQ,,2024-09,2025-07,11
464580,01605282,KOSDAQ,,2024-11,2025-04,6
465480,01284876,KOSDAQ,,2024-10,2025-06,9
465770,01784394,KOSPI,,2023-09,2025-08,19
466100,01784914,KOSDAQ,,2024-10,2026-06,21
466910,01785056,KOSDAQ,,2023-12,2024-01,2
467930,01785700,KOSDAQ,,2023-12,2023-12,1
468510,01786514,KOSDAQ,,2024-01,2024-01,1
468530,01688568,KOSDAQ,,2025-07,2026-06,12
468760,01787072,KOSDAQ,,2024-02,2024-02,1
469610,01745173,KOSDAQ,,2025-11,2026-06,8
469750,01516766,KOSDAQ,,2024-09,2025-01,5
469880,01791321,KOSDAQ,,2023-12,2023-12,1
469900,01791561,KOSDAQ,,2024-03,2024-04,2
471050,01792825,KOSDAQ,,2024-02,2024-02,1
473050,01798980,KOSDAQ,,2024-02,2024-02,1
474170,01636565,KOSDAQ,,2024-10,2026-06,14
474610,01286476,KOSDAQ,,2024-11,2025-09,11
474650,01764099,KOSDAQ,,2025-08,2026-06,11
474930,01807747,KOSDAQ,,2024-04,2024-04,1
475040,01370517,KOSDAQ,,2026-06,2026-06,1
475150,01817081,KOSPI,,2024-04,2026-06,27
475230,01708163,KOSDAQ,,2025-07,2026-04,10
475400,01588189,KOSDAQ,,2024-10,2026-06,21
475430,00204323,KOSDAQ,,2025-06,2025-08,3
475460,01374717,KOSDAQ,,2025-01,2025-10,10
475560,00968607,KOSPI,,2024-11,2025-06,8
475580,01641600,KOSDAQ,,2024-12,2025-12,13
475830,01658831,KOSDAQ,,2025-02,2026-06,17
475960,01573336,KOSDAQ,,2024-11,2026-06,20
476040,01626391,KOSDAQ,,2025-05,2026-03,11
476060,01632912,KOSDAQ,,2024-12,2026-06,19
476080,01704680,KOSDAQ,,2024-08,2025-06,11
476830,01596920,KOSDAQ,,2025-12,2026-06,7
477380,01814233,KOSDAQ,,2024-06,2024-06,1
477470,01817249,KOSDAQ,,2024-07,2024-08,2
477850,01709065,KOSDAQ,,2026-05,2026-06,2
478340,01787355,KOSDAQ,,2025-12,2026-06,7
478560,01718407,KOSDAQ,,2025-01,2025-04,4
478780,01817610,KOSDAQ,,2024-08,2024-09,2
479960,01137860,KOSDAQ,,2025-02,2025-07,6
480370,01210677,KOSPI,,2025-03,2025-08,6
481070,01803927,KOSDAQ,,2025-06,2025-08,3
481890,01834194,KOSDAQ,,2024-07,2024-09,3
482520,01845701,KOSDAQ,,2024-08,2024-09,2
482630,00863533,KOSDAQ,,2025-02,2026-06,17
484120,01380578,KOSDAQ,,2025-07,2025-10,4
484590,00141583,KOSDAQ,,2025-08,2026-06,11
484810,01458161,KOSDAQ,,2025-03,2026-03,13
484870,01519790,KOSPI,,2024-12,2026-06,19
486630,01851650,KOSDAQ,,2024-09,2024-09,1
486990,01810477,KOSDAQ,,2025-11,2026-06,8
487580,01565364,KOSDAQ,,2026-05,2026-06,2
488060,01854392,KOSDAQ,,2024-10,2024-11,2
488280,01803635,KOSDAQ,,2025-09,2026-06,10
488900,01194607,KOSDAQ,,2025-11,2026-06,8
489210,01866528,KOSDAQ,,2024-11,2025-01,2
489460,01657197,KOSDAQ,,2025-05,2025-11,7
489480,01873272,KOSDAQ,,2024-12,2024-12,1
489500,01747977,KOSDAQ,,2025-02,2025-07,6
489730,01857991,KOSDAQ,,2024-12,2024-12,1
490470,01627363,KOSDAQ,,2025-12,2026-06,7
491000,01385005,KOSDAQ,,2025-12,2026-06,7
493280,01859500,KOSDAQ,,2026-03,2026-06,4
493330,01450938,KOSDAQ,,2026-01,2026-02,2
494120,01786958,KOSDAQ,,2025-11,2026-06,8
900100,00781202,KOSDAQ,,2019-01,2020-02,14
900250,01107665,KOSDAQ,,2019-01,2024-06,28
900270,01160512,KOSDAQ,,2019-01,2020-03,15
900340,01328639,KOSDAQ,,2019-01,2020-06,18
950130,00956028,KOSDAQ,,2020-03,2024-02,44
950160,01245062,KOSDAQ,,2019-01,2026-06,27
950180,01338724,KOSDAQ,,2019-05,2021-05,11
950190,01416235,KOSDAQ,,2020-08,2020-10,3
950200,01442115,KOSDAQ,,2020-07,2021-06,12
950210,01510489,KOSPI,,2021-02,2022-08,19
950220,01511558,KOSDAQ,,2021-03,2023-03,25
950250,01957282,KOSDAQ,,2025-12,2026-06,7
