ticker,as_of,source
ACC,2019-10-31,wikipedia_sp400_pit
ACHC,2019-10-31,wikipedia_sp400_pit
ACIW,2019-10-31,wikipedia_sp400_pit
ACM,2019-10-31,wikipedia_sp400_pit
ADNT,2019-10-31,wikipedia_sp400_pit
AEO,2019-10-31,wikipedia_sp400_pit
AFG,2019-10-31,wikipedia_sp400_pit
AGCO,2019-10-31,wikipedia_sp400_pit
ALE,2019-10-31,wikipedia_sp400_pit
ALEX,2019-10-31,wikipedia_sp400_pit
AM,2019-10-31,wikipedia_sp400_pit
AMCX,2019-10-31,wikipedia_sp400_pit
AMED,2019-10-31,wikipedia_sp400_pit
AN,2019-10-31,wikipedia_sp400_pit
ARW,2019-10-31,wikipedia_sp400_pit
ASB,2019-10-31,wikipedia_sp400_pit
ASGN,2019-10-31,wikipedia_sp400_pit
ASH,2019-10-31,wikipedia_sp400_pit
ATGE,2019-10-31,wikipedia_sp400_pit
ATI,2019-10-31,wikipedia_sp400_pit
ATR,2019-10-31,wikipedia_sp400_pit
AVNS,2019-10-31,wikipedia_sp400_pit
AVNT,2019-10-31,wikipedia_sp400_pit
AVT,2019-10-31,wikipedia_sp400_pit
AXON,2019-10-31,wikipedia_sp400_pit
AYI,2019-10-31,wikipedia_sp400_pit
AZTA,2019-10-31,wikipedia_sp400_pit
BBBY,2019-10-31,wikipedia_sp400_pit
BC,2019-10-31,wikipedia_sp400_pit
BCO,2019-10-31,wikipedia_sp400_pit
BDC,2019-10-31,wikipedia_sp400_pit
BFH,2019-10-31,wikipedia_sp400_pit
BHF,2019-10-31,wikipedia_sp400_pit
BIO,2019-10-31,wikipedia_sp400_pit
BJ,2019-10-31,wikipedia_sp400_pit
BKH,2019-10-31,wikipedia_sp400_pit
BLKB,2019-10-31,wikipedia_sp400_pit
BOH,2019-10-31,wikipedia_sp400_pit
BRO,2019-10-31,wikipedia_sp400_pit
BRX,2019-10-31,wikipedia_sp400_pit
BYD,2019-10-31,wikipedia_sp400_pit
CABO,2019-10-31,wikipedia_sp400_pit
CACI,2019-10-31,wikipedia_sp400_pit
CADE,2019-10-31,wikipedia_sp400_pit
CAKE,2019-10-31,wikipedia_sp400_pit
CAR,2019-10-31,wikipedia_sp400_pit
CASY,2019-10-31,wikipedia_sp400_pit
CATY,2019-10-31,wikipedia_sp400_pit
CBRL,2019-10-31,wikipedia_sp400_pit
CBSH,2019-10-31,wikipedia_sp400_pit
CBT,2019-10-31,wikipedia_sp400_pit
CC,2019-10-31,wikipedia_sp400_pit
CDAY,2019-10-31,wikipedia_sp400_pit
CDK,2019-10-31,wikipedia_sp400_pit
CDP,2019-10-31,wikipedia_sp400_pit
CFR,2019-10-31,wikipedia_sp400_pit
CGNX,2019-10-31,wikipedia_sp400_pit
CHDN,2019-10-31,wikipedia_sp400_pit
CHE,2019-10-31,wikipedia_sp400_pit
CHK,2019-10-31,wikipedia_sp400_pit
CHX,2019-10-31,wikipedia_sp400_pit
CIEN,2019-10-31,wikipedia_sp400_pit
CLB,2019-10-31,wikipedia_sp400_pit
CLGX,2019-10-31,wikipedia_sp400_pit
CLH,2019-10-31,wikipedia_sp400_pit
CLI,2019-10-31,wikipedia_sp400_pit
CMC,2019-10-31,wikipedia_sp400_pit
CMD,2019-10-31,wikipedia_sp400_pit
CMP,2019-10-31,wikipedia_sp400_pit
CNK,2019-10-31,wikipedia_sp400_pit
CNO,2019-10-31,wikipedia_sp400_pit
CNX,2019-10-31,wikipedia_sp400_pit
COHR,2019-10-31,wikipedia_sp400_pit
CONE,2019-10-31,wikipedia_sp400_pit
COR,2019-10-31,wikipedia_sp400_pit
CPT,2019-10-31,wikipedia_sp400_pit
CRI,2019-10-31,wikipedia_sp400_pit
CRL,2019-10-31,wikipedia_sp400_pit
CRS,2019-10-31,wikipedia_sp400_pit
CRUS,2019-10-31,wikipedia_sp400_pit
CSL,2019-10-31,wikipedia_sp400_pit
CTLT,2019-10-31,wikipedia_sp400_pit
CUZ,2019-10-31,wikipedia_sp400_pit
CVLT,2019-10-31,wikipedia_sp400_pit
CW,2019-10-31,wikipedia_sp400_pit
CXT,2019-10-31,wikipedia_sp400_pit
CXW,2019-10-31,wikipedia_sp400_pit
CY,2019-10-31,wikipedia_sp400_pit
CZR,2019-10-31,wikipedia_sp400_pit
DAN,2019-10-31,wikipedia_sp400_pit
DCI,2019-10-31,wikipedia_sp400_pit
DDS,2019-10-31,wikipedia_sp400_pit
DECK,2019-10-31,wikipedia_sp400_pit
DEI,2019-10-31,wikipedia_sp400_pit
DHC,2019-10-31,wikipedia_sp400_pit
DINO,2019-10-31,wikipedia_sp400_pit
DKS,2019-10-31,wikipedia_sp400_pit
DLPH,2019-10-31,wikipedia_sp400_pit
DLX,2019-10-31,wikipedia_sp400_pit
DNKN,2019-10-31,wikipedia_sp400_pit
DNOW,2019-10-31,wikipedia_sp400_pit
DPZ,2019-10-31,wikipedia_sp400_pit
DY,2019-10-31,wikipedia_sp400_pit
EAT,2019-10-31,wikipedia_sp400_pit
EGP,2019-10-31,wikipedia_sp400_pit
EHC,2019-10-31,wikipedia_sp400_pit
EME,2019-10-31,wikipedia_sp400_pit
ENOV,2019-10-31,wikipedia_sp400_pit
ENR,2019-10-31,wikipedia_sp400_pit
ENS,2019-10-31,wikipedia_sp400_pit
EPC,2019-10-31,wikipedia_sp400_pit
EPR,2019-10-31,wikipedia_sp400_pit
EQT,2019-10-31,wikipedia_sp400_pit
ETRN,2019-10-31,wikipedia_sp400_pit
ETSY,2019-10-31,wikipedia_sp400_pit
EV,2019-10-31,wikipedia_sp400_pit
EVR,2019-10-31,wikipedia_sp400_pit
EWBC,2019-10-31,wikipedia_sp400_pit
EXE,2019-10-31,wikipedia_sp400_pit
EXEL,2019-10-31,wikipedia_sp400_pit
EXP,2019-10-31,wikipedia_sp400_pit
FAF,2019-10-31,wikipedia_sp400_pit
FCFS,2019-10-31,wikipedia_sp400_pit
FCN,2019-10-31,wikipedia_sp400_pit
FDS,2019-10-31,wikipedia_sp400_pit
FFIN,2019-10-31,wikipedia_sp400_pit
FHI,2019-10-31,wikipedia_sp400_pit
FHN,2019-10-31,wikipedia_sp400_pit
FICO,2019-10-31,wikipedia_sp400_pit
FIVE,2019-10-31,wikipedia_sp400_pit
FL,2019-10-31,wikipedia_sp400_pit
FLG,2019-10-31,wikipedia_sp400_pit
FLO,2019-10-31,wikipedia_sp400_pit
FLR,2019-10-31,wikipedia_sp400_pit
FNB,2019-10-31,wikipedia_sp400_pit
FR,2019-10-31,wikipedia_sp400_pit
FSLR,2019-10-31,wikipedia_sp400_pit
FULT,2019-10-31,wikipedia_sp400_pit
GAP,2019-10-31,wikipedia_sp400_pit
GATX,2019-10-31,wikipedia_sp400_pit
GDOT,2019-10-31,wikipedia_sp400_pit
GEF,2019-10-31,wikipedia_sp400_pit
GEO,2019-10-31,wikipedia_sp400_pit
GGG,2019-10-31,wikipedia_sp400_pit
GHC,2019-10-31,wikipedia_sp400_pit
GMED,2019-10-31,wikipedia_sp400_pit
GNTX,2019-10-31,wikipedia_sp400_pit
GNW,2019-10-31,wikipedia_sp400_pit
GRUB,2019-10-31,wikipedia_sp400_pit
GT,2019-10-31,wikipedia_sp400_pit
GTM,2019-10-31,wikipedia_sp400_pit
GVA,2019-10-31,wikipedia_sp400_pit
GWR,2019-10-31,wikipedia_sp400_pit
HAE,2019-10-31,wikipedia_sp400_pit
HAIN,2019-10-31,wikipedia_sp400_pit
HCSG,2019-10-31,wikipedia_sp400_pit
HE,2019-10-31,wikipedia_sp400_pit
HELE,2019-10-31,wikipedia_sp400_pit
HIW,2019-10-31,wikipedia_sp400_pit
HNI,2019-10-31,wikipedia_sp400_pit
HOMB,2019-10-31,wikipedia_sp400_pit
HQY,2019-10-31,wikipedia_sp400_pit
HR,2019-10-31,wikipedia_sp400_pit
HRC,2019-10-31,wikipedia_sp400_pit
HUBB,2019-10-31,wikipedia_sp400_pit
HWC,2019-10-31,wikipedia_sp400_pit
IART,2019-10-31,wikipedia_sp400_pit
IBKR,2019-10-31,wikipedia_sp400_pit
IBOC,2019-10-31,wikipedia_sp400_pit
ICUI,2019-10-31,wikipedia_sp400_pit
IDA,2019-10-31,wikipedia_sp400_pit
IDCC,2019-10-31,wikipedia_sp400_pit
INGR,2019-10-31,wikipedia_sp400_pit
INT,2019-10-31,wikipedia_sp400_pit
ITT,2019-10-31,wikipedia_sp400_pit
JACK,2019-10-31,wikipedia_sp400_pit
JBGS,2019-10-31,wikipedia_sp400_pit
JBL,2019-10-31,wikipedia_sp400_pit
JBLU,2019-10-31,wikipedia_sp400_pit
JEF,2019-10-31,wikipedia_sp400_pit
JHG,2019-10-31,wikipedia_sp400_pit
JLL,2019-10-31,wikipedia_sp400_pit
KAR,2019-10-31,wikipedia_sp400_pit
KBH,2019-10-31,wikipedia_sp400_pit
KBR,2019-10-31,wikipedia_sp400_pit
KEX,2019-10-31,wikipedia_sp400_pit
KMPR,2019-10-31,wikipedia_sp400_pit
KMT,2019-10-31,wikipedia_sp400_pit
KNX,2019-10-31,wikipedia_sp400_pit
KRC,2019-10-31,wikipedia_sp400_pit
LAMR,2019-10-31,wikipedia_sp400_pit
LECO,2019-10-31,wikipedia_sp400_pit
LFUS,2019-10-31,wikipedia_sp400_pit
LGND,2019-10-31,wikipedia_sp400_pit
LII,2019-10-31,wikipedia_sp400_pit
LITE,2019-10-31,wikipedia_sp400_pit
LIVN,2019-10-31,wikipedia_sp400_pit
LM,2019-10-31,wikipedia_sp400_pit
LNW,2019-10-31,wikipedia_sp400_pit
LOGM,2019-10-31,wikipedia_sp400_pit
LPT,2019-10-31,wikipedia_sp400_pit
LPX,2019-10-31,wikipedia_sp400_pit
LSI,2019-10-31,wikipedia_sp400_pit
LSTR,2019-10-31,wikipedia_sp400_pit
LYV,2019-10-31,wikipedia_sp400_pit
MAN,2019-10-31,wikipedia_sp400_pit
MANH,2019-10-31,wikipedia_sp400_pit
MASI,2019-10-31,wikipedia_sp400_pit
MAT,2019-10-31,wikipedia_sp400_pit
MCY,2019-10-31,wikipedia_sp400_pit
MD,2019-10-31,wikipedia_sp400_pit
MDP,2019-10-31,wikipedia_sp400_pit
MDRX,2019-10-31,wikipedia_sp400_pit
MDU,2019-10-31,wikipedia_sp400_pit
MKSI,2019-10-31,wikipedia_sp400_pit
MLKN,2019-10-31,wikipedia_sp400_pit
MMS,2019-10-31,wikipedia_sp400_pit
MODG,2019-10-31,wikipedia_sp400_pit
MOH,2019-10-31,wikipedia_sp400_pit
MPW,2019-10-31,wikipedia_sp400_pit
MPWR,2019-10-31,wikipedia_sp400_pit
MRCY,2019-10-31,wikipedia_sp400_pit
MSA,2019-10-31,wikipedia_sp400_pit
MSM,2019-10-31,wikipedia_sp400_pit
MTDR,2019-10-31,wikipedia_sp400_pit
MTX,2019-10-31,wikipedia_sp400_pit
MTZ,2019-10-31,wikipedia_sp400_pit
MUR,2019-10-31,wikipedia_sp400_pit
MUSA,2019-10-31,wikipedia_sp400_pit
MZTI,2019-10-31,wikipedia_sp400_pit
NATI,2019-10-31,wikipedia_sp400_pit
NAVI,2019-10-31,wikipedia_sp400_pit
NDSN,2019-10-31,wikipedia_sp400_pit
NEU,2019-10-31,wikipedia_sp400_pit
NFG,2019-10-31,wikipedia_sp400_pit
NGVT,2019-10-31,wikipedia_sp400_pit
NJR,2019-10-31,wikipedia_sp400_pit
NKTR,2019-10-31,wikipedia_sp400_pit
NNN,2019-10-31,wikipedia_sp400_pit
NSP,2019-10-31,wikipedia_sp400_pit
NTCT,2019-10-31,wikipedia_sp400_pit
NUS,2019-10-31,wikipedia_sp400_pit
NUVA,2019-10-31,wikipedia_sp400_pit
NVT,2019-10-31,wikipedia_sp400_pit
NWE,2019-10-31,wikipedia_sp400_pit
NYT,2019-10-31,wikipedia_sp400_pit
OAS,2019-10-31,wikipedia_sp400_pit
OC,2019-10-31,wikipedia_sp400_pit
ODFL,2019-10-31,wikipedia_sp400_pit
OGE,2019-10-31,wikipedia_sp400_pit
OGS,2019-10-31,wikipedia_sp400_pit
OHI,2019-10-31,wikipedia_sp400_pit
OI,2019-10-31,wikipedia_sp400_pit
OLED,2019-10-31,wikipedia_sp400_pit
OLLI,2019-10-31,wikipedia_sp400_pit
OLN,2019-10-31,wikipedia_sp400_pit
ORI,2019-10-31,wikipedia_sp400_pit
OSK,2019-10-31,wikipedia_sp400_pit
OZK,2019-10-31,wikipedia_sp400_pit
P,2019-10-31,wikipedia_sp400_pit
PACW,2019-10-31,wikipedia_sp400_pit
PB,2019-10-31,wikipedia_sp400_pit
PBF,2019-10-31,wikipedia_sp400_pit
PBH,2019-10-31,wikipedia_sp400_pit
PCH,2019-10-31,wikipedia_sp400_pit
PDCO,2019-10-31,wikipedia_sp400_pit
PEB,2019-10-31,wikipedia_sp400_pit
PEN,2019-10-31,wikipedia_sp400_pit
PENN,2019-10-31,wikipedia_sp400_pit
PII,2019-10-31,wikipedia_sp400_pit
PK,2019-10-31,wikipedia_sp400_pit
PLT,2019-10-31,wikipedia_sp400_pit
PNFP,2019-10-31,wikipedia_sp400_pit
POOL,2019-10-31,wikipedia_sp400_pit
POST,2019-10-31,wikipedia_sp400_pit
PPC,2019-10-31,wikipedia_sp400_pit
PRAH,2019-10-31,wikipedia_sp400_pit
PRG,2019-10-31,wikipedia_sp400_pit
PRI,2019-10-31,wikipedia_sp400_pit
PRSP,2019-10-31,wikipedia_sp400_pit
PSB,2019-10-31,wikipedia_sp400_pit
PTC,2019-10-31,wikipedia_sp400_pit
PTEN,2019-10-31,wikipedia_sp400_pit
PZZA,2019-10-31,wikipedia_sp400_pit
R,2019-10-31,wikipedia_sp400_pit
RAMP,2019-10-31,wikipedia_sp400_pit
REZI,2019-10-31,wikipedia_sp400_pit
RGA,2019-10-31,wikipedia_sp400_pit
RGEN,2019-10-31,wikipedia_sp400_pit
RGLD,2019-10-31,wikipedia_sp400_pit
RIG,2019-10-31,wikipedia_sp400_pit
RNR,2019-10-31,wikipedia_sp400_pit
RPM,2019-10-31,wikipedia_sp400_pit
RRX,2019-10-31,wikipedia_sp400_pit
RS,2019-10-31,wikipedia_sp400_pit
RYN,2019-10-31,wikipedia_sp400_pit
SABR,2019-10-31,wikipedia_sp400_pit
SAFM,2019-10-31,wikipedia_sp400_pit
SAIC,2019-10-31,wikipedia_sp400_pit
SAM,2019-10-31,wikipedia_sp400_pit
SBH,2019-10-31,wikipedia_sp400_pit
SBNY,2019-10-31,wikipedia_sp400_pit
SBRA,2019-10-31,wikipedia_sp400_pit
SCI,2019-10-31,wikipedia_sp400_pit
SEDG,2019-10-31,wikipedia_sp400_pit
SEIC,2019-10-31,wikipedia_sp400_pit
SF,2019-10-31,wikipedia_sp400_pit
SFM,2019-10-31,wikipedia_sp400_pit
SGI,2019-10-31,wikipedia_sp400_pit
SIGI,2019-10-31,wikipedia_sp400_pit
SIX,2019-10-31,wikipedia_sp400_pit
SKT,2019-10-31,wikipedia_sp400_pit
SKX,2019-10-31,wikipedia_sp400_pit
SLAB,2019-10-31,wikipedia_sp400_pit
SLGN,2019-10-31,wikipedia_sp400_pit
SLM,2019-10-31,wikipedia_sp400_pit
SMG,2019-10-31,wikipedia_sp400_pit
SMTC,2019-10-31,wikipedia_sp400_pit
SNV,2019-10-31,wikipedia_sp400_pit
SNX,2019-10-31,wikipedia_sp400_pit
SON,2019-10-31,wikipedia_sp400_pit
SR,2019-10-31,wikipedia_sp400_pit
SRC,2019-10-31,wikipedia_sp400_pit
SRCL,2019-10-31,wikipedia_sp400_pit
STE,2019-10-31,wikipedia_sp400_pit
STL,2019-10-31,wikipedia_sp400_pit
STLD,2019-10-31,wikipedia_sp400_pit
SVC,2019-10-31,wikipedia_sp400_pit
SWN,2019-10-31,wikipedia_sp400_pit
SWX,2019-10-31,wikipedia_sp400_pit
SXT,2019-10-31,wikipedia_sp400_pit
SYNA,2019-10-31,wikipedia_sp400_pit
SYNH,2019-10-31,wikipedia_sp400_pit
TCBI,2019-10-31,wikipedia_sp400_pit
TCF,2019-10-31,wikipedia_sp400_pit
TCO,2019-10-31,wikipedia_sp400_pit
TDC,2019-10-31,wikipedia_sp400_pit
TDS,2019-10-31,wikipedia_sp400_pit
TDY,2019-10-31,wikipedia_sp400_pit
TECD,2019-10-31,wikipedia_sp400_pit
TECH,2019-10-31,wikipedia_sp400_pit
TER,2019-10-31,wikipedia_sp400_pit
TEX,2019-10-31,wikipedia_sp400_pit
TGNA,2019-10-31,wikipedia_sp400_pit
THC,2019-10-31,wikipedia_sp400_pit
THG,2019-10-31,wikipedia_sp400_pit
THO,2019-10-31,wikipedia_sp400_pit
THS,2019-10-31,wikipedia_sp400_pit
TKO,2019-10-31,wikipedia_sp400_pit
TKR,2019-10-31,wikipedia_sp400_pit
TNL,2019-10-31,wikipedia_sp400_pit
TOL,2019-10-31,wikipedia_sp400_pit
TPH,2019-10-31,wikipedia_sp400_pit
TR,2019-10-31,wikipedia_sp400_pit
TREE,2019-10-31,wikipedia_sp400_pit
TREX,2019-10-31,wikipedia_sp400_pit
TRMB,2019-10-31,wikipedia_sp400_pit
TRMK,2019-10-31,wikipedia_sp400_pit
TRN,2019-10-31,wikipedia_sp400_pit
TTC,2019-10-31,wikipedia_sp400_pit
TTEK,2019-10-31,wikipedia_sp400_pit
TXNM,2019-10-31,wikipedia_sp400_pit
TXRH,2019-10-31,wikipedia_sp400_pit
TYL,2019-10-31,wikipedia_sp400_pit
UAA/UA,2019-10-31,wikipedia_sp400_pit
UBSI,2019-10-31,wikipedia_sp400_pit
UE,2019-10-31,wikipedia_sp400_pit
UFS,2019-10-31,wikipedia_sp400_pit
UGI,2019-10-31,wikipedia_sp400_pit
UMBF,2019-10-31,wikipedia_sp400_pit
UMPQ,2019-10-31,wikipedia_sp400_pit
UNIT,2019-10-31,wikipedia_sp400_pit
URBN,2019-10-31,wikipedia_sp400_pit
UTHR,2019-10-31,wikipedia_sp400_pit
VAC,2019-10-31,wikipedia_sp400_pit
VC,2019-10-31,wikipedia_sp400_pit
VLY,2019-10-31,wikipedia_sp400_pit
VMI,2019-10-31,wikipedia_sp400_pit
VSAT,2019-10-31,wikipedia_sp400_pit
VSH,2019-10-31,wikipedia_sp400_pit
VVV,2019-10-31,wikipedia_sp400_pit
VYX,2019-10-31,wikipedia_sp400_pit
WAFD,2019-10-31,wikipedia_sp400_pit
WBS,2019-10-31,wikipedia_sp400_pit
WEN,2019-10-31,wikipedia_sp400_pit
WERN,2019-10-31,wikipedia_sp400_pit
WEX,2019-10-31,wikipedia_sp400_pit
WH,2019-10-31,wikipedia_sp400_pit
WLY,2019-10-31,wikipedia_sp400_pit
WOLF,2019-10-31,wikipedia_sp400_pit
WOR,2019-10-31,wikipedia_sp400_pit
WPX,2019-10-31,wikipedia_sp400_pit
WRB,2019-10-31,wikipedia_sp400_pit
WRI,2019-10-31,wikipedia_sp400_pit
WSM,2019-10-31,wikipedia_sp400_pit
WSO,2019-10-31,wikipedia_sp400_pit
WST,2019-10-31,wikipedia_sp400_pit
WTFC,2019-10-31,wikipedia_sp400_pit
WTRG,2019-10-31,wikipedia_sp400_pit
WW,2019-10-31,wikipedia_sp400_pit
WWD,2019-10-31,wikipedia_sp400_pit
X,2019-10-31,wikipedia_sp400_pit
XPO,2019-10-31,wikipedia_sp400_pit
Y,2019-10-31,wikipedia_sp400_pit
YELP,2019-10-31,wikipedia_sp400_pit
ZBRA,2019-10-31,wikipedia_sp400_pit
ZD,2019-10-31,wikipedia_sp400_pit
