ticker,market,sector,name,market_cap,rank,as_of
005930,KOSPI,"통신 및 방송 장비 제조(무선) 제품, 반도체 제조(메모리) 제품, 전자부품 제조(디스플레이) 제품, 영상 및 음향기기 제조(영상기기) 제품 등",삼성전자,643605600000000.0,1,2025-12-31
000660,KOSPI,"반도체,컴퓨터,통신기기 제조,도매",SK하이닉스,415169400000000.0,2,2025-12-31
373220,KOSPI,"2차전지 (소형,ESS,자동차전지)",LG에너지솔루션,96313300000000.0,3,2025-12-31
207940,KOSPI,바이오의약품,삼성바이오로직스,78483000000000.0,4,2025-12-31
005380,KOSPI,"자동차(승용차,버스,트럭,특장차),자동차부품,자동차전착도료 제조,차량정비사업",현대차,59331000000000.0,5,2025-12-31
329180,KOSPI,"선박, 해양플랜트 및 엔진기계 등",HD현대중공업,51685800000000.0,6,2025-12-31
034020,KOSPI,"기관,터어빈,선박용엔진,주단조품,제강제품 제조/종합건설",두산에너빌리티,49228600000000.0,7,2025-12-31
105560,KOSPI,-,KB금융,48216800000000.0,8,2025-12-31
000270,KOSPI,"승용차,중대형버스,트럭,민수특수차량,군수차량 제조,판매,정비",기아,47332900000000.0,9,2025-12-31
012450,KOSPI,"항공기엔진,특수방산장비 제조/정비사업",한화에어로스페이스,46038800000000.0,10,2025-12-31
068270,KOSPI,"램시마, 트룩시마, 허쥬마",셀트리온,42557300000000.0,11,2025-12-31
028260,KOSPI,"도소매, 건설, 남자용 정장 제조업 등",삼성물산,41332600000000.0,12,2025-12-31
402340,KOSPI,지주회사,SK스퀘어,41322400000000.0,13,2025-12-31
055550,KOSPI,금융지주회사,신한지주,37817800000000.0,14,2025-12-31
035420,KOSPI,포털 서비스 및 온라인 광고,NAVER,37756700000000.0,15,2025-12-31
042660,KOSPI,선박 제조,한화오션,34206000000000.0,16,2025-12-31
012330,KOSPI,"자동차A/S용 부품,컨테이너,특수중기,산업기계제품 생산,판매,부품모듈화,부품수출사업,환경/플랜트사업,특수중기부문(컨테이너)",현대모비스,32240300000000.0,17,2025-12-31
015760,KOSPI,"전력자원개발,발전,송전,전력용기자재확보",한국전력,31888800000000.0,18,2025-12-31
032830,KOSPI,"생명보험,부동산 임대",삼성생명,31312400000000.0,19,2025-12-31
009540,KOSPI,"선박,해양구조물,엔진,펌프 전동기,중전기,중장비 제조/자동창고,물류시스템",HD한국조선해양,30033100000000.0,20,2025-12-31
267260,KOSPI,"변압기, 고압차단기, 회전기, 배전반 등",HD현대일렉트릭,29193000000000.0,21,2025-12-31
010130,KOSPI,"연,아연괴 제조,판매",고려아연,26648800000000.0,22,2025-12-31
035720,KOSPI,인터넷 서비스(인터넷 광고),카카오,26312700000000.0,23,2025-12-31
086790,KOSPI,기타 금융,하나금융지주,26057900000000.0,24,2025-12-31
051910,KOSPI,"유화/기능/합성수지,재생섬유소,산업재,리튬이온전지,평광판,PVC 제조,도매",LG화학,25425000000000.0,25,2025-12-31
005490,KOSPI,"열연코일,냉연강판,후판,선재,스테인리스 제조",POSCO홀딩스,25108500000000.0,26,2025-12-31
196170,KOSDAQ,Healthcare,알테오젠,24050851706000.0,27,2025-12-31
006400,KOSPI,"2차전지, 전자재료 제조 판매",삼성SDI,23744000000000.0,28,2025-12-31
000810,KOSPI,"손해보험의 원수,재보험,운용자산의 투자활동",삼성화재,23084500000000.0,29,2025-12-31
010140,KOSPI,"선박(벌크선,원유운반선),철구조물,에너지플랜트 생산,판매/토목건축업",삼성중공업,22050300000000.0,30,2025-12-31
316140,KOSPI,금융지주,우리금융지주,20543700000000.0,31,2025-12-31
064350,KOSPI,"철도차량, 특수중기, 산업기계",현대로템,19850900000000.0,32,2025-12-31
009150,KOSPI,"수동소자 (MLCC, Inductor, Chip Resistor 등), 모듈(카메라모듈, 통신모듈), 반도체패키지 기판",삼성전기,19375900000000.0,33,2025-12-31
011200,KOSPI,"정기,부정기,전용선,콘테이너선,자동차선,LNG선 해운",HMM,19290600000000.0,34,2025-12-31
138040,KOSPI,투자사업,메리츠금융지주,19252700000000.0,35,2025-12-31
034730,KOSPI,"지주회사, 시스템통합(SI), 정보통신사업 관련 컨설팅,조사용역,정보통신기술 연구개발/정보통신기기,소프트웨어 개발,도매",SK,18691900000000.0,36,2025-12-31
096770,KOSPI,"석유정제,석유화학제품,윤활유제품,아스팔트제품,의약중간체 제조,판매,유전개발,대체에너지사업",SK이노베이션,18679500000000.0,37,2025-12-31
003670,KOSPI,"내화물, 생석회, 음극재 및 양극재",포스코퓨처엠,18408100000000.0,38,2025-12-31
298040,KOSPI,-,효성중공업,17520800000000.0,39,2025-12-31
033780,KOSPI,"잎담배,제조담배,홍삼,홍삼제품 제조,판매",KT&G,16969000000000.0,40,2025-12-31
024110,KOSPI,은행업,기업은행,16723200000000.0,41,2025-12-31
267250,KOSPI,지주회사,HD현대,15717400000000.0,42,2025-12-31
001260,KOSPI,"토목공사,건축공사,기전공사,측량설계시공,용역/철구조물 제조",남광토건,15286500000000.0,43,2025-12-31
066570,KOSPI,"이동통신단말기,C-TV,V.C.R.,컴퓨터,완전평면 TV,플라즈마 디스플레이 패널 TV,전자제품(세탁기외),CDMA(코드분할다중접속)이동통신,전자교환기,전송기기",LG전자,15215100000000.0,44,2025-12-31
010120,KOSPI,"고압기기,저압기기,변압기,배전반,PLC,인버터,빌딩설비,공조기,건축배관,자동화기기 제조,동가공",LS ELECTRIC,14387100000000.0,45,2025-12-31
247540,KOSDAQ,Materials,에코프로비엠,14337677030400.0,46,2025-12-31
000150,KOSDAQ,초정밀 광학 시스템 및 광학 소재,그린광학,13544200000000.0,47,2025-12-31
086280,KOSPI,"화물운송주선,화물포장,자동차 수리/산업용 기계장비 임대",현대글로비스,13359300000000.0,48,2025-12-31
018260,KOSPI,"IT서비스, 물류BPO",삼성에스디에스,13356100000000.0,49,2025-12-31
030200,KOSPI,"유무선통신사업,공중전기통신사업,인터넷,전자상거래,네트워크(전용회선,데이터통신,초고속사업 등)",KT,13264700000000.0,50,2025-12-31
352820,KOSPI,"음악 기획/제작, 퍼블리싱, 아티스트 매니지먼트",하이브,12942100000000.0,51,2025-12-31
003550,KOSPI,지주회사,LG,12696800000000.0,52,2025-12-31
006800,KOSPI,"유가증권매매,유가증권위탁매매,유가증권인수",미래에셋증권,12636000000000.0,53,2025-12-31
086520,KOSDAQ,Materials,에코프로,12328474601600.0,54,2025-12-31
259960,KOSPI,<배틀그라운드> 등 게임 소프트웨어,크래프톤,11688100000000.0,55,2025-12-31
042700,KOSPI,"반도체 후공정장비,반도체금형 제조/부동산 매매,임대",한미반도체,11620800000000.0,56,2025-12-31
017670,KOSPI,"이동전화,무선호출서비스,부가통신",SK텔레콤,11498400000000.0,57,2025-12-31
047810,KOSPI,"정부방산 및 완제기 수출(T-50계열, KUH계열, KT-1계열 등), 기체부품",한국항공우주,10736700000000.0,58,2025-12-31
298380,KOSDAQ,항체의약품 연구개발,에이비엘바이오,10644900000000.0,59,2025-12-31
323410,KOSPI,은행 및 금융서비스,카카오뱅크,10349600000000.0,60,2025-12-31
326030,KOSPI,신경질환 및 정신질환을 포함한 중추신경 관련 신약 개발,SK바이오팜,10319100000000.0,61,2025-12-31
003230,KOSPI,"라면,스낵,유제품,장유,식용유,사료,향신료,건강음료(루이보스 티) 제조,도매",삼양식품,9636900000000.0,62,2025-12-31
007660,KOSPI,"P.C.B(인쇄회로기판),M.L.B 제조",이수페타시스,9619400000000.0,63,2025-12-31
272210,KOSPI,"정밀기기(육해공군관련전자제어시스템,열영상감시장비,탐지추적장치,전투지휘체계시스템) 제조",한화시스템,9615100000000.0,64,2025-12-31
047050,KOSPI,"영업활동의 주요 품목으로 에너지 사업내 천연가스 발전, 태양력, 풍력, 수소 등이 있으며, 트레이딩 사업은 철강 및 철강원료, 이차전지소재, 곡물, 유지, 면방, 바이오플라스틱, 친환경차부품, 인프라 및 산업 플랜트 등이 있음.",포스코인터내셔널,9296300000000.0,65,2025-12-31
000100,KOSDAQ,"차량 내장재용 표면소재, SPC바닥재 등",보원케미칼,9294200000000.0,66,2025-12-31
278470,KOSPI,"화장품, 피부미용기기 등",에이피알,9261400000000.0,67,2025-12-31
010950,KOSPI,"석유제품,가스,윤활기유,윤활유,그리스,석유화학제품 제조,도매",S-Oil,9222700000000.0,68,2025-12-31
071050,KOSPI,금융지주회사,한국금융지주,9005300000000.0,69,2025-12-31
277810,KOSDAQ,"협동로봇, 천문마운트시스템, 이족보행로봇 등",레인보우로보틱스,8958500000000.0,70,2025-12-31
005830,KOSPI,"자동차보험,화재보험,해상보험,특종보험,장기보험",DB손해보험,8874600000000.0,71,2025-12-31
443060,KOSPI,"AM(After Market) 솔루션, 친환경 Retrofit, 디지털 제어",HD현대마린솔루션,8670200000000.0,72,2025-12-31
079550,KOSPI,정밀유도무기 등,LIG디펜스앤에어로스페이스,8599400000000.0,73,2025-12-31
003490,KOSPI,"여객운송,화물운송,항공기 제조,판매,정비수리/기내식 제조판매,면세품 판매",대한항공,8256900000000.0,74,2025-12-31
000720,KOSDAQ,기업인수합병,KB제33호스팩,7881900000000.0,75,2025-12-31
307950,KOSPI,"차량SW, 내비게이션, 스마트팩토리, AI·클라우드 기반 솔루션, 디지털 전환 컨설팅 및 IT서비스",현대오토에버,7760700000000.0,76,2025-12-31
180640,KOSPI,"지주사업, 경영자문 및 컨설팅",한진칼,7676400000000.0,77,2025-12-31
039490,KOSPI,"유가증권의 매매, 위탁, 인수, 주선",키움증권,7635500000000.0,78,2025-12-31
005940,KOSPI,"증권업,종합금융",NH투자증권,7508700000000.0,79,2025-12-31
161390,KOSPI,타이어 제조,한국타이어앤테크놀로지,7472600000000.0,80,2025-12-31
090430,KOSPI,"화장품,생활용품 제조, 판매",아모레퍼시픽,7142300000000.0,81,2025-12-31
016360,KOSPI,"유가증권의 매매,위탁매매,인수주선",삼성증권,7095500000000.0,82,2025-12-31
011070,KOSPI,기타 전자부품 제조업,LG이노텍,6573800000000.0,83,2025-12-31
950160,KOSDAQ,골관절염 치료제,코오롱티슈진,6555100000000.0,84,2025-12-31
032640,KOSPI,"개인휴대통신서비스,음성서비스,데이터서비스,부가통신/단말기 도소매/프로그램 개발,자료제공",LG유플러스,6519700000000.0,85,2025-12-31
377300,KOSPI,"간편결제, 간편송금 및 기타 금융서비스",카카오페이,6457900000000.0,86,2025-12-31
029780,KOSPI,"신용카드업,상품신용판매,현금서비스,카드론,리스,기업대출,여행업무,통신판매",삼성카드,6388800000000.0,87,2025-12-31
028300,KOSDAQ,"의료기기, 의약외품 등",HLB,6322300000000.0,88,2025-12-31
021240,KOSPI,"렌탈 서비스(정수기,비데, 필터교환 등), 가정용기기 도매,판매,제조,폐기물처리설비,수출(정수기,청정기)",코웨이,6306400000000.0,89,2025-12-31
034220,KOSPI,"고화질, 초대형, 폴더블 고부가가치 디스플레이 제품 개발, 제조",LG디스플레이,6164300000000.0,90,2025-12-31
064400,KOSPI,"컨설팅, 시스템 구축/운영, 토탈 아웃소싱 및 AI, 클라우드·스마트팩토리 등 IT신기술 기반의 DX사업",LG씨엔에스,6142600000000.0,91,2025-12-31
000880,KOSDAQ,기업인수합병,메리츠제1호스팩,6127000000000.0,92,2025-12-31
087010,KOSDAQ,약효지속성 의약품 및 펩타이드 소재,펩트론,6126300000000.0,93,2025-12-31
006260,KOSPI,"전력용전선,일반전선,통신케이블,동선,알루미늄선,공조기,프라스틱사출성형기 제조,도매",LS,5952100000000.0,94,2025-12-31
241560,KOSPI,"Compact Equipment, Heavy Equipment, Portable Power",두산밥캣,5658700000000.0,95,2025-12-31
128940,KOSPI,의약품,한미약품,5621900000000.0,96,2025-12-31
088980,KOSPI,증권투자회사,맥쿼리인프라,5552800000000.0,97,2025-12-31
000250,KOSDAQ,"하메론, 아토로우",삼천당제약,5328800000000.0,98,2025-12-31
078930,KOSPI,지주회사/부동산 임대,GS,5230700000000.0,99,2025-12-31
454910,KOSPI,협동로봇,두산로보틱스,5202000000000.0,100,2025-12-31
001040,KOSPI,지주회사,CJ,5179300000000.0,101,2025-12-31
138930,KOSPI,금융지주회사,BNK금융지주,4932900000000.0,102,2025-12-31
028050,KOSPI,"산업설비,건물,구축물,토목시설의 설계,시공,공사감리",삼성E&A,4914000000000.0,103,2025-12-31
175330,KOSPI,금융지주 회사,JB금융지주,4773800000000.0,104,2025-12-31
009830,KOSPI,"합성수지,유화부문(LDPE,LLDPE)제품 제조,플라스틱가공품(PVC),CA,무기화학제품,부동산업",한화솔루션,4712300000000.0,105,2025-12-31
066970,KOSPI,이차전지 양극활물질,엘앤에프,4703800000000.0,106,2025-12-31
058470,KOSDAQ,Technology,리노공업,4595574555000.0,107,2025-12-31
036570,KOSPI,"인터넷머그게임(리니지),그룹웨어,인터넷커뮤니티 개발,유지,공급",NC,4356200000000.0,108,2025-12-31
062040,KOSPI,"유입, 몰드, 주상, 건식 변압기 등",산일전기,4287400000000.0,109,2025-12-31
251270,KOSPI,온라인·모바일 게임 소프트웨어 개발 및 공급,넷마블,4287000000000.0,110,2025-12-31
001440,KOSPI,"전력선,통신케이블,적산계기,스텐레스압연제품,광케이블,초고압선,알루미늄 제조,도매/전기공사",대한전선,4268300000000.0,111,2025-12-31
022100,KOSPI,EIC 자동화 엔지니어링 및 IT서비스,포스코DX,4182800000000.0,112,2025-12-31
450080,KOSPI,배터리 양극재용 핵심소재 하이니켈 전구체,에코프로머티,4164600000000.0,113,2025-12-31
271560,KOSPI,스낵 등 과자류,오리온,4141900000000.0,114,2025-12-31
004020,KOSPI,"H형강,제철,제강,철근,압연,스테인레스,주강,시트파일 제조,수출입,중기부품(탱크바퀴)제조,판매",현대제철,4130500000000.0,115,2025-12-31
011790,KOSPI,"기초화학원료(PO, PG), 전지용 동박 등을 제조ㆍ판매하는 사업",SKC,4128500000000.0,116,2025-12-31
051900,KOSPI,"화장품,생활용품 제조,도매",LG생활건강,4071900000000.0,117,2025-12-31
310210,KOSDAQ,표적치료제,보로노이,4064500000000.0,118,2025-12-31
302440,KOSPI,백신 제품 및 제제,SK바이오사이언스,4061000000000.0,119,2025-12-31
108490,KOSDAQ,"솔루션(로봇 엑츄에이터 모듈과 구동 소프트웨어), 에듀테인먼트 로봇, 로봇 플랫폼",로보티즈,4037700000000.0,120,2025-12-31
347850,KOSDAQ,대사성질환 치료제 등,디앤디파마텍,3976800000000.0,121,2025-12-31
111770,KOSPI,스포츠의류,영원무역,3917800000000.0,122,2025-12-31
035250,KOSPI,"카지노,관광호텔,골프장,스키장,체육시설 운영",강원랜드,3909600000000.0,123,2025-12-31
000090,KOSDAQ,ADC 기반 항암제,에임드바이오,3838500000000.0,124,2025-12-31
036460,KOSPI,"액화천연가스 공급,제조,도매,개발",한국가스공사,3811200000000.0,125,2025-12-31
214370,KOSDAQ,"성장인자, 바이오미메틱펩타이드 기반 안면, 두피, 바디 코스메슈티컬 제품",케어젠,3788700000000.0,126,2025-12-31
002380,KOSPI,"건축용단열재,내외장재,스레트,밤라이트,암면,석고보드,판유리 제조",KCC,3770800000000.0,127,2025-12-31
082740,KOSPI,"대형선박용엔진,내연발전엔진",한화엔진,3623400000000.0,128,2025-12-31
052690,KOSPI,원자력발전소 설계 등,한전기술,3585800000000.0,129,2025-12-31
017800,KOSPI,"엘리베이터,에스컬레이터,공항,공정,크린룸,병원 물류시스템,수,배송센터,고속소팅시스템,주차설비 제조,판매,보수",현대엘리베이터,3543800000000.0,130,2025-12-31
031210,KOSPI,"보증보험, 신용보험 등",서울보증보험,3509200000000.0,131,2025-12-31
018880,KOSPI,"자동차용부품(라디에이터,히터,에어콘,압축기,콘덴서,컴퓨레사) 제조,도매",한온시스템,3470700000000.0,132,2025-12-31
240810,KOSDAQ,Technology,원익IPS,3332796877900.0,133,2025-12-31
011780,KOSPI,"합성고무 SBR(스티렌부타디엔러버),BR(폴리부타디엔러버),합성수지,BD,라텍스 제조,도소매",금호석유화학,3176300000000.0,134,2025-12-31
097950,KOSPI,"설탕,소맥분,조미식품,육가공식품(돈육,돼지비계,돼지식용설육),대두가공식품,사료,의약품,생활화학제품 제조,도매,무역/통신판매",CJ제일제당,3158500000000.0,135,2025-12-31
011170,KOSPI,"폴리프로필렌,고밀도폴리에틸렌,에틸렌글리콜,벤젠,에틸렌옥사이드,합성지,부산물 제조",롯데케미칼,3136500000000.0,136,2025-12-31
071970,KOSPI,"조선기자재, 기계부품",HD현대마린엔진,2921100000000.0,137,2025-12-31
004990,KOSPI,지주회사,롯데지주,2917500000000.0,138,2025-12-31
103140,KOSPI,1차 비철금속 제조업,풍산,2888600000000.0,139,2025-12-31
012750,KOSPI,"부가통신 서비스(경비),안전관리용역,CCTV카메라",에스원,2885500000000.0,140,2025-12-31
000990,KOSPI,반도체 제조,DB하이텍,2878200000000.0,141,2025-12-31
383220,KOSPI,"MLB, MLB KIDS, DISCOVERY 등 패션의류제품",F&F,2843500000000.0,142,2025-12-31
145020,KOSDAQ,Healthcare,휴젤,2836079606500.0,143,2025-12-31
026960,KOSPI,"식품 유통, 다류 및 연포장재 제조 등",동서,2808700000000.0,144,2025-12-31
439260,KOSPI,선박 및 보트 건조업,대한조선,2806700000000.0,145,2025-12-31
088350,KOSPI,생명보험,한화생명,2739400000000.0,146,2025-12-31
068760,KOSDAQ,고덱스 캡슐 외,셀트리온제약,2717300000000.0,147,2025-12-31
001450,KOSPI,손해보험(자동차보험),현대해상,2691600000000.0,148,2025-12-31
012510,KOSPI,응용 소프트웨어 개발 및 공급업,더존비즈온,2690200000000.0,149,2025-12-31
081660,KOSPI,"스포츠의류,신발,가방,시계,골프장비,화장품,가죽제품(지갑,키홀더) 도매,수출입",미스토홀딩스,2647900000000.0,150,2025-12-31
226950,KOSDAQ,siRNA 신약 개발,올릭스,2647400000000.0,151,2025-12-31
004370,KOSPI,"라면,스낵,유지 제조,도매,수출입",농심,2633200000000.0,152,2025-12-31
009970,KOSPI,"스포츠의류(등산복,운동복,스키복) 도소매,수출,섬유봉제",영원무역홀딩스,2617600000000.0,153,2025-12-31
103590,KOSPI,절연선 및 케이블 제조업,일진전기,2614100000000.0,154,2025-12-31
030000,KOSPI,"광고 대행/광고물,영화 제작,인쇄,출판",제일기획,2611200000000.0,155,2025-12-31
014680,KOSPI,"과산화수소,라텍스,요소수지,수소액화탄산,차아황산소다 제조,판매,디지털카메라용 인화필름 제조,수출",한솔케미칼,2602200000000.0,156,2025-12-31
000240,KOSPI,비금융지주회사,한국앤컴퍼니,2561000000000.0,157,2025-12-31
008930,KOSPI,"항생제(세포탁심,세포트리악손),유산균정장제(메디락비타,메디락베베),위장관운동조절개선제(설프라이드),고혈압치료제(유니바스크),원료의약품,식품 제조,판매",한미사이언스,2544300000000.0,158,2025-12-31
204320,KOSPI,"제동장치, 조향장치, 현가장치",HL만도,2543300000000.0,159,2025-12-31
030530,KOSDAQ,가스캐비닛,원익홀딩스,2540000000000.0,160,2025-12-31
257720,KOSDAQ,화장품 유통,실리콘투,2518700000000.0,161,2025-12-31
140410,KOSDAQ,"발기부전증치료제, 전립선비대증치료제",메지온,2501600000000.0,162,2025-12-31
009420,KOSPI,"의약품 제조,도매/부동산 임대",한올바이오파마,2442100000000.0,163,2025-12-31
004170,KOSPI,"백화점,할인점(E마트)",신세계,2412500000000.0,164,2025-12-31
263750,KOSDAQ,Technology,펄어비스,2402869777000.0,165,2025-12-31
139130,KOSPI,지주회사,iM금융지주,2387100000000.0,166,2025-12-31
051600,KOSPI,"일반전기공사,발전설비정비공사,점검,수리,엔지니어링",한전KPS,2384500000000.0,167,2025-12-31
353200,KOSPI,"PCB(Printed Circuit Board, 인쇄회로기판)의 제조 및 판매",대덕전자,2347400000000.0,168,2025-12-31
001720,KOSPI,증권업,신영증권,2338300000000.0,169,2025-12-31
361610,KOSPI,2차전지용 습식 분리막 및 폴더블 커버 윈도우,SK아이이테크놀로지,2326300000000.0,170,2025-12-31
139480,KOSPI,대형마트,이마트,2319500000000.0,171,2025-12-31
003690,KOSPI,금융보험/부동산 임대,코리안리,2244600000000.0,172,2025-12-31
462870,KOSPI,게임 소프트웨어,시프트업,2206100000000.0,173,2025-12-31
018670,KOSPI,"액화석유가스,가스기기 판매,수입,저장",SK가스,2187200000000.0,174,2025-12-31
002790,KOSPI,지주회사,아모레퍼시픽홀딩스,2184300000000.0,175,2025-12-31
000120,KOSPI,"Contract Logistics, 포워딩, 항만하역, 해운, 택배국제특송, SCM Consulting",CJ대한통운,2181600000000.0,176,2025-12-31
028670,KOSPI,"해상화물운송(외항,운수보관)",팬오션,2160900000000.0,177,2025-12-31
004800,KOSPI,"스판덱스,합성원사,나일론,폴리에스터,타이어코드지,PET병,수지제품,중전기제품(변압기,차단기),사무용기계,컴퓨터 제조/건축공사",효성,2121300000000.0,178,2025-12-31
069620,KOSPI,"양약,의료기기 제조/화장품,의약부의품 도소매/부동산 임대",대웅제약,2098300000000.0,179,2025-12-31
069960,KOSPI,백화점,현대백화점,2097600000000.0,180,2025-12-31
023530,KOSPI,"백화점(의류,식품 및 잡화),할인점 운영/전자상거래",롯데쇼핑,2096600000000.0,181,2025-12-31
039200,KOSDAQ,신약연구개발,오스코텍,2048900000000.0,182,2025-12-31
489790,KOSPI,비금융지주회사,한화비전,2047500000000.0,183,2025-12-31
476830,KOSDAQ,"인체질환치료제 및 진단제, 진단용 유전자재조합 의약품",알지노믹스,2039700000000.0,184,2025-12-31
357780,KOSDAQ,Materials,솔브레인,2037984292000.0,185,2025-12-31
336260,KOSPI,연료전지,두산퓨얼셀,2017000000000.0,186,2025-12-31
005850,KOSPI,"자동차부품(자동차램프, 전동화부품, 전자부품) 제조, 판매",에스엘,2011900000000.0,187,2025-12-31
010060,KOSPI,"타르제품,카본블랙,무수프탈산,농약원제,석탄화학제품,정밀화학제품,플라스틱창호재 제조,판매",OCI홀딩스,2007600000000.0,188,2025-12-31
097230,KOSPI,"선박건조,기계플랜트 제조/토목공사,건축공사,조경공사,전기공사,가스공사,준설공사,기계설비공사",HJ중공업,2005800000000.0,189,2025-12-31
005290,KOSDAQ,"반도체,LCD용재료(감광제,봉지제),발포제",동진쎄미켐,1936400000000.0,190,2025-12-31
006040,KOSPI,지주회사,동원산업,1924100000000.0,191,2025-12-31
282330,KOSPI,체인화 편의점,BGF리테일,1903500000000.0,192,2025-12-31
475830,KOSDAQ,항체약물접합체(ADC) 단백질 분해제(TPD) 연구 개발,오름테라퓨틱,1902000000000.0,193,2025-12-31
192820,KOSPI,화장품,코스맥스,1874700000000.0,194,2025-12-31
011210,KOSPI,"자동차부품, 공작기계 등",현대위아,1870800000000.0,195,2025-12-31
160190,KOSDAQ,"전동기 및 발전기 (범용모터, 서보모터)",하이젠알앤엠,1869700000000.0,196,2025-12-31
020150,KOSPI,"인쇄회로기판(PCB)용 전해동박(ACF,UCF),에폭시용 동박,전해콘덴서용 알루미늄박 제조,판매",롯데에너지머티리얼즈,1868900000000.0,197,2025-12-31
112610,KOSPI,풍력발전타워 제조,씨에스윈드,1846600000000.0,198,2025-12-31
007070,KOSPI,"체인화 편의점,슈퍼마켓,마트,전자상거래/부동산(빌딩) 임대",GS리테일,1829000000000.0,199,2025-12-31
008770,KOSPI,"면세판매,관광숙박,외식사업,예식업",호텔신라,1790600000000.0,200,2025-12-31
